ST_ABBR,COUNTY,FIPS,RPL_THEMES
AL,Autauga,1001,0.4354
AL,Baldwin,1003,0.2162
AL,Barbour,1005,0.9959
AL,Bibb,1007,0.6003
AL,Blount,1009,0.4242
AL,Bullock,1011,0.8898
AL,Butler,1013,0.8653
AL,Calhoun,1015,0.8252
AL,Chambers,1017,0.7382
AL,Cherokee,1019,0.4516
AL,Chilton,1021,0.7602
AL,Choctaw,1023,0.8748
AL,Clarke,1025,0.8471
AL,Clay,1027,0.564
AL,Cleburne,1029,0.5417
AL,Coffee,1031,0.5408
AL,Colbert,1033,0.4274
AL,Conecuh,1035,0.8086
AL,Coosa,1037,0.5261
AL,Covington,1039,0.7723
AL,Crenshaw,1041,0.6873
AL,Cullman,1043,0.5182
AL,Dale,1045,0.7599
AL,Dallas,1047,0.949
AL,DeKalb,1049,0.8022
AL,Elmore,1051,0.5401
AL,Escambia,1053,0.8557
AL,Etowah,1055,0.6564
AL,Fayette,1057,0.7038
AL,Franklin,1059,0.8417
AL,Geneva,1061,0.7955
AL,Greene,1063,0.9854
AL,Hale,1065,0.9599
AL,Henry,1067,0.5519
AL,Houston,1069,0.6838
AL,Jackson,1071,0.5726
AL,Jefferson,1073,0.6621
AL,Lamar,1075,0.6264
AL,Lauderdale,1077,0.4468
AL,Lawrence,1079,0.4952
AL,Lee,1081,0.6602
AL,Limestone,1083,0.5296
AL,Lowndes,1085,0.9188
AL,Macon,1087,0.8971
AL,Madison,1089,0.3076
AL,Marengo,1091,0.7621
AL,Marion,1093,0.671
AL,Marshall,1095,0.7261
AL,Mobile,1097,0.7532
AL,Monroe,1099,0.7481
AL,Montgomery,1101,0.8427
AL,Morgan,1103,0.6895
AL,Perry,1105,0.9949
AL,Pickens,1107,0.9207
AL,Pike,1109,0.9016
AL,Randolph,1111,0.7191
AL,Russell,1113,0.9115
AL,St. Clair,1115,0.3656
AL,Shelby,1117,0.1169
AL,Sumter,1119,0.9557
AL,Talladega,1121,0.8736
AL,Tallapoosa,1123,0.8863
AL,Tuscaloosa,1125,0.6255
AL,Walker,1127,0.7452
AL,Washington,1129,0.7303
AL,Wilcox,1131,0.928
AL,Winston,1133,0.7025
AK,Aleutians East,2013,0.5803
AK,Aleutians West,2016,0.4927
AK,Anchorage,2020,0.4602
AK,Bethel,2050,0.9748
AK,Bristol Bay,2060,0.3525
AK,Denali,2068,0.101
AK,Dillingham,2070,0.8682
AK,Fairbanks North Star,2090,0.3446
AK,Haines,2100,0.207
AK,Hoonah-Angoon,2105,0.4178
AK,Juneau City and Borough,2110,0.2987
AK,Kenai Peninsula,2122,0.4073
AK,Ketchikan Gateway,2130,0.5548
AK,Kodiak Island,2150,0.7006
AK,Kusilvak,2158,0.9334
AK,Lake and Peninsula,2164,0.7978
AK,Matanuska-Susitna,2170,0.3172
AK,Nome,2180,0.9299
AK,North Slope,2185,0.7344
AK,Northwest Arctic,2188,0.9354
AK,Petersburg,2195,0.665
AK,Prince of Wales-Hyder,2198,0.7662
AK,Sitka City and Borough,2220,0.4022
AK,Skagway,2230,0.1685
AK,Southeast Fairbanks,2240,0.5838
AK,Valdez-Cordova,2261,0.2704
AK,Wrangell City and Borough,2275,0.5618
AK,Yakutat City and Borough,2282,0.5873
AK,Yukon-Koyukuk,2290,0.8812
AZ,Apache,4001,0.9885
AZ,Cochise,4003,0.9064
AZ,Coconino,4005,0.7131
AZ,Gila,4007,0.899
AZ,Graham,4009,0.964
AZ,Greenlee,4011,0.6188
AZ,La Paz,4012,0.9236
AZ,Maricopa,4013,0.6354
AZ,Mohave,4015,0.8624
AZ,Navajo,4017,0.9955
AZ,Pima,4019,0.8828
AZ,Pinal,4021,0.8592
AZ,Santa Cruz,4023,0.9318
AZ,Yavapai,4025,0.521
AZ,Yuma,4027,0.9895
AR,Arkansas,5001,0.7787
AR,Ashley,5003,0.8576
AR,Baxter,5005,0.2793
AR,Benton,5007,0.2707
AR,Boone,5009,0.4379
AR,Bradley,5011,0.9803
AR,Calhoun,5013,0.5481
AR,Carroll,5015,0.5952
AR,Chicot,5017,0.9968
AR,Clark,5019,0.7892
AR,Clay,5021,0.6529
AR,Cleburne,5023,0.2083
AR,Cleveland,5025,0.5643
AR,Columbia,5027,0.9398
AR,Conway,5029,0.7589
AR,Craighead,5031,0.8041
AR,Crawford,5033,0.6105
AR,Crittenden,5035,0.9341
AR,Cross,5037,0.7013
AR,Dallas,5039,0.8777
AR,Desha,5041,0.9596
AR,Drew,5043,0.801
AR,Faulkner,5045,0.4774
AR,Franklin,5047,0.5943
AR,Fulton,5049,0.6688
AR,Garland,5051,0.828
AR,Grant,5053,0.3541
AR,Greene,5055,0.5834
AR,Hempstead,5057,0.9468
AR,Hot Spring,5059,0.8188
AR,Howard,5061,0.9045
AR,Independence,5063,0.7525
AR,Izard,5065,0.5697
AR,Jackson,5067,0.765
AR,Jefferson,5069,0.9436
AR,Johnson,5071,0.8768
AR,Lafayette,5073,0.7898
AR,Lawrence,5075,0.6471
AR,Lee,5077,0.9656
AR,Lincoln,5079,0.8134
AR,Little River,5081,0.6306
AR,Logan,5083,0.8045
AR,Lonoke,5085,0.3309
AR,Madison,5087,0.6535
AR,Marion,5089,0.5175
AR,Miller,5091,0.9124
AR,Mississippi,5093,0.9554
AR,Monroe,5095,0.8516
AR,Montgomery,5097,0.7
AR,Nevada,5099,0.8841
AR,Newton,5101,0.2815
AR,Ouachita,5103,0.8656
AR,Perry,5105,0.636
AR,Phillips,5107,0.9239
AR,Pike,5109,0.7124
AR,Poinsett,5111,0.8268
AR,Polk,5113,0.8949
AR,Pope,5115,0.7936
AR,Prairie,5117,0.6548
AR,Pulaski,5119,0.6287
AR,Randolph,5121,0.7166
AR,St. Francis,5123,0.9691
AR,Saline,5125,0.3325
AR,Scott,5127,0.8873
AR,Searcy,5129,0.4376
AR,Sebastian,5131,0.8328
AR,Sevier,5133,0.7675
AR,Sharp,5135,0.6191
AR,Stone,5137,0.5102
AR,Union,5139,0.8054
AR,Van Buren,5141,0.7226
AR,Washington,5143,0.6745
AR,White,5145,0.7446
AR,Woodruff,5147,0.849
AR,Yell,5149,0.8783
CA,Alameda,6001,0.4701
CA,Alpine,6003,0.7287
CA,Amador,6005,0.5334
CA,Butte,6007,0.8064
CA,Calaveras,6009,0.235
CA,Colusa,6011,0.7436
CA,Contra Costa,6013,0.4057
CA,Del Norte,6015,0.9713
CA,El Dorado,6017,0.1838
CA,Fresno,6019,0.9611
CA,Glenn,6021,0.8895
CA,Humboldt,6023,0.7605
CA,Imperial,6025,0.9978
CA,Inyo,6027,0.5701
CA,Kern,6029,0.9659
CA,Kings,6031,0.9707
CA,Lake,6033,0.9178
CA,Lassen,6035,0.5997
CA,Los Angeles,6037,0.7682
CA,Madera,6039,0.9541
CA,Marin,6041,0.2701
CA,Mariposa,6043,0.5293
CA,Mendocino,6045,0.8818
CA,Merced,6047,0.9717
CA,Modoc,6049,0.7516
CA,Mono,6051,0.1408
CA,Monterey,6053,0.799
CA,Napa,6055,0.5051
CA,Nevada,6057,0.2045
CA,Orange,6059,0.4191
CA,Placer,6061,0.1519
CA,Plumas,6063,0.2653
CA,Riverside,6065,0.7939
CA,Sacramento,6067,0.7338
CA,San Benito,6069,0.5245
CA,San Bernardino,6071,0.901
CA,San Diego,6073,0.5596
CA,San Francisco,6075,0.3911
CA,San Joaquin,6077,0.8892
CA,San Luis Obispo,6079,0.3739
CA,San Mateo,6081,0.265
CA,Santa Barbara,6083,0.7111
CA,Santa Clara,6085,0.3557
CA,Santa Cruz,6087,0.543
CA,Shasta,6089,0.7022
CA,Sierra,6091,0.0452
CA,Siskiyou,6093,0.7223
CA,Solano,6095,0.5911
CA,Sonoma,6097,0.4035
CA,Stanislaus,6099,0.8675
CA,Sutter,6101,0.8822
CA,Tehama,6103,0.9624
CA,Trinity,6105,0.7411
CA,Tulare,6107,0.9417
CA,Tuolumne,6109,0.4688
CA,Ventura,6111,0.4828
CA,Yolo,6113,0.6768
CA,Yuba,6115,0.942
CO,Adams,8001,0.5892
CO,Alamosa,8003,0.9452
CO,Arapahoe,8005,0.2662
CO,Archuleta,8007,0.257
CO,Baca,8009,0.6086
CO,Bent,8011,0.8981
CO,Boulder,8013,0.1704
CO,Broomfield,8014,0.049
CO,Chaffee,8015,0.2389
CO,Cheyenne,8017,0.2589
CO,Clear Creek,8019,0.0197
CO,Conejos,8021,0.9325
CO,Costilla,8023,0.9379
CO,Crowley,8025,0.893
CO,Custer,8027,0.2433
CO,Delta,8029,0.6866
CO,Denver,8031,0.4197
CO,Dolores,8033,0.1516
CO,Douglas,8035,0.015
CO,Eagle,8037,0.1369
CO,Elbert,8039,0
CO,El Paso,8041,0.3927
CO,Fremont,8043,0.6525
CO,Garfield,8045,0.351
CO,Gilpin,8047,0.0022
CO,Grand,8049,0.0987
CO,Gunnison,8051,0.1392
CO,Hinsdale,8053,0.0624
CO,Huerfano,8055,0.5955
CO,Jackson,8057,0.1137
CO,Jefferson,8059,0.0627
CO,Kiowa,8061,0.3188
CO,Kit Carson,8063,0.5153
CO,Lake,8065,0.4452
CO,La Plata,8067,0.1086
CO,Larimer,8069,0.1194
CO,Las Animas,8071,0.8373
CO,Lincoln,8073,0.4857
CO,Logan,8075,0.628
CO,Mesa,8077,0.5755
CO,Mineral,8079,0.0261
CO,Moffat,8081,0.5471
CO,Montezuma,8083,0.4946
CO,Montrose,8085,0.7153
CO,Morgan,8087,0.7414
CO,Otero,8089,0.9561
CO,Ouray,8091,0.0239
CO,Park,8093,0.0006
CO,Phillips,8095,0.2955
CO,Pitkin,8097,0.0656
CO,Prowers,8099,0.9392
CO,Pueblo,8101,0.8669
CO,Rio Blanco,8103,0.3401
CO,Rio Grande,8105,0.9586
CO,Routt,8107,0.0634
CO,Saguache,8109,0.807
CO,San Juan,8111,0.1283
CO,San Miguel,8113,0.0331
CO,Sedgwick,8115,0.6936
CO,Summit,8117,0.0707
CO,Teller,8119,0.0729
CO,Washington,8121,0.2822
CO,Weld,8123,0.3994
CO,Yuma,8125,0.5637
CT,Fairfield,9001,0.4497
CT,Hartford,9003,0.515
CT,Litchfield,9005,0.0818
CT,Middlesex,9007,0.1182
CT,New Haven,9009,0.5223
CT,New London,9011,0.3561
CT,Tolland,9013,0.0694
CT,Windham,9015,0.4232
DE,Kent,10001,0.7268
DE,New Castle,10003,0.3761
DE,Sussex,10005,0.4019
DC,District of Columbia,11001,0.5965
FL,Alachua,12001,0.4729
FL,Baker,12003,0.6803
FL,Bay,12005,0.6076
FL,Bradford,12007,0.9264
FL,Brevard,12009,0.3713
FL,Broward,12011,0.5844
FL,Calhoun,12013,0.8401
FL,Charlotte,12015,0.4889
FL,Citrus,12017,0.6022
FL,Clay,12019,0.3803
FL,Collier,12021,0.4618
FL,Columbia,12023,0.8596
FL,DeSoto,12027,0.9618
FL,Dixie,12029,0.8994
FL,Duval,12031,0.692
FL,Escambia,12033,0.4863
FL,Flagler,12035,0.2799
FL,Franklin,12037,0.8083
FL,Gadsden,12039,0.9901
FL,Gilchrist,12041,0.7567
FL,Glades,12043,0.9048
FL,Gulf,12045,0.592
FL,Hamilton,12047,0.9908
FL,Hardee,12049,0.9831
FL,Hendry,12051,0.9939
FL,Hernando,12053,0.549
FL,Highlands,12055,0.8729
FL,Hillsborough,12057,0.6701
FL,Holmes,12059,0.9347
FL,Indian River,12061,0.3962
FL,Jackson,12063,0.9583
FL,Jefferson,12065,0.5748
FL,Lafayette,12067,0.9806
FL,Lake,12069,0.6029
FL,Lee,12071,0.5525
FL,Leon,12073,0.4943
FL,Levy,12075,0.7793
FL,Liberty,12077,0.8334
FL,Madison,12079,0.9608
FL,Manatee,12081,0.5197
FL,Marion,12083,0.7535
FL,Martin,12085,0.399
FL,Miami-Dade,12086,0.8175
FL,Monroe,12087,0.4557
FL,Nassau,12089,0.2459
FL,Okaloosa,12091,0.386
FL,Okeechobee,12093,0.9465
FL,Orange,12095,0.6691
FL,Osceola,12097,0.8178
FL,Palm Beach,12099,0.5592
FL,Pasco,12101,0.6344
FL,Pinellas,12103,0.5169
FL,Polk,12105,0.9035
FL,Putnam,12107,0.9525
FL,St. Johns,12109,0.0761
FL,St. Lucie,12111,0.7185
FL,Santa Rosa,12113,0.3096
FL,Sarasota,12115,0.2538
FL,Seminole,12117,0.1844
FL,Sumter,12119,0.236
FL,Suwannee,12121,0.9424
FL,Taylor,12123,0.8984
FL,Union,12125,0.8382
FL,Volusia,12127,0.5347
FL,Wakulla,12129,0.4032
FL,Walton,12131,0.5822
FL,Washington,12133,0.8939
GA,Appling,13001,0.9669
GA,Atkinson,13003,0.9615
GA,Bacon,13005,0.9389
GA,Baker,13007,0.7424
GA,Baldwin,13009,0.8666
GA,Banks,13011,0.5586
GA,Barrow,13013,0.4204
GA,Bartow,13015,0.5914
GA,Ben Hill,13017,0.8726
GA,Berrien,13019,0.85
GA,Bibb,13021,0.9175
GA,Bleckley,13023,0.7395
GA,Brantley,13025,0.6229
GA,Brooks,13027,0.8398
GA,Bryan,13029,0.3389
GA,Bulloch,13031,0.8121
GA,Burke,13033,0.8455
GA,Butts,13035,0.7653
GA,Calhoun,13037,0.9774
GA,Camden,13039,0.5159
GA,Candler,13043,0.9828
GA,Carroll,13045,0.7825
GA,Catoosa,13047,0.1318
GA,Charlton,13049,0.8752
GA,Chatham,13051,0.6949
GA,Chattahoochee,13053,0.6379
GA,Chattooga,13055,0.9252
GA,Cherokee,13057,0.1185
GA,Clarke,13059,0.7675
GA,Clay,13061,0.9309
GA,Clayton,13063,0.9102
GA,Clinch,13065,0.9777
GA,Cobb,13067,0.2669
GA,Coffee,13069,0.9506
GA,Colquitt,13071,0.9812
GA,Columbia,13073,0.1334
GA,Cook,13075,0.851
GA,Coweta,13077,0.2427
GA,Crawford,13079,0.6815
GA,Crisp,13081,0.9857
GA,Dade,13083,0.5156
GA,Dawson,13085,0.1038
GA,Decatur,13087,0.9455
GA,DeKalb,13089,0.6611
GA,Dodge,13091,0.9223
GA,Dooly,13093,0.9484
GA,Dougherty,13095,0.9513
GA,Douglas,13097,0.5404
GA,Early,13099,0.9201
GA,Echols,13101,0.6615
GA,Effingham,13103,0.2363
GA,Elbert,13105,0.8338
GA,Emanuel,13107,0.9768
GA,Evans,13109,0.9847
GA,Fannin,13111,0.3003
GA,Fayette,13113,0.0608
GA,Floyd,13115,0.8854
GA,Forsyth,13117,0.0373
GA,Franklin,13119,0.8462
GA,Fulton,13121,0.5268
GA,Gilmer,13123,0.5599
GA,Glascock,13125,0.686
GA,Glynn,13127,0.7159
GA,Gordon,13129,0.8806
GA,Grady,13131,0.9258
GA,Greene,13133,0.5379
GA,Gwinnett,13135,0.4347
GA,Habersham,13137,0.7146
GA,Hall,13139,0.6618
GA,Hancock,13141,0.7984
GA,Haralson,13143,0.5427
GA,Harris,13145,0.1341
GA,Hart,13147,0.7194
GA,Heard,13149,0.7232
GA,Henry,13151,0.3137
GA,Houston,13153,0.5669
GA,Irwin,13155,0.8408
GA,Jackson,13157,0.3516
GA,Jasper,13159,0.6927
GA,Jeff Davis,13161,0.9373
GA,Jefferson,13163,0.9439
GA,Jenkins,13165,0.8283
GA,Johnson,13167,0.9061
GA,Jones,13169,0.3793
GA,Lamar,13171,0.4917
GA,Lanier,13173,0.8697
GA,Laurens,13175,0.8013
GA,Lee,13177,0.3519
GA,Liberty,13179,0.8882
GA,Lincoln,13181,0.5564
GA,Long,13183,0.8271
GA,Lowndes,13185,0.8662
GA,Lumpkin,13187,0.4338
GA,McDuffie,13189,0.9376
GA,McIntosh,13191,0.5863
GA,Macon,13193,0.9312
GA,Madison,13195,0.6417
GA,Marion,13197,0.8519
GA,Meriwether,13199,0.8701
GA,Miller,13201,0.7799
GA,Mitchell,13205,0.9879
GA,Monroe,13207,0.4596
GA,Montgomery,13209,0.8465
GA,Morgan,13211,0.2446
GA,Murray,13213,0.7134
GA,Muscogee,13215,0.9003
GA,Newton,13217,0.707
GA,Oconee,13219,0.0354
GA,Oglethorpe,13221,0.5217
GA,Paulding,13223,0.1376
GA,Peach,13225,0.9404
GA,Pickens,13227,0.2796
GA,Pierce,13229,0.657
GA,Pike,13231,0.151
GA,Polk,13233,0.8048
GA,Pulaski,13235,0.8459
GA,Putnam,13237,0.428
GA,Quitman,13239,0.9433
GA,Rabun,13241,0.5341
GA,Randolph,13243,0.9739
GA,Richmond,13245,0.9328
GA,Rockdale,13247,0.5529
GA,Schley,13249,0.8248
GA,Screven,13251,0.8525
GA,Seminole,13253,0.8344
GA,Spalding,13255,0.8691
GA,Stephens,13257,0.7968
GA,Stewart,13259,0.9245
GA,Sumter,13261,0.9764
GA,Talbot,13263,0.8589
GA,Taliaferro,13265,0.9089
GA,Tattnall,13267,0.908
GA,Taylor,13269,0.9197
GA,Telfair,13271,0.8369
GA,Terrell,13273,0.957
GA,Thomas,13275,0.9108
GA,Tift,13277,0.8809
GA,Toombs,13279,0.9761
GA,Towns,13281,0.3258
GA,Treutlen,13283,0.9471
GA,Troup,13285,0.9013
GA,Turner,13287,0.9809
GA,Twiggs,13289,0.758
GA,Union,13291,0.3115
GA,Upson,13293,0.8532
GA,Walker,13295,0.6408
GA,Walton,13297,0.293
GA,Ware,13299,0.8449
GA,Warren,13301,0.8946
GA,Washington,13303,0.9462
GA,Wayne,13305,0.9166
GA,Webster,13307,0.7876
GA,Wheeler,13309,0.8124
GA,White,13311,0.2357
GA,Whitfield,13313,0.8793
GA,Wilcox,13315,0.8169
GA,Wilkes,13317,0.7561
GA,Wilkinson,13319,0.7873
GA,Worth,13321,0.7357
HI,Hawaii,15001,0.5771
HI,Honolulu,15003,0.472
HI,Kalawao,15005,0.3162
HI,Kauai,15007,0.3099
HI,Maui,15009,0.3879
ID,Ada,16001,0.1373
ID,Adams,16003,0.2936
ID,Bannock,16005,0.579
ID,Bear Lake,16007,0.2143
ID,Benewah,16009,0.7334
ID,Bingham,16011,0.507
ID,Blaine,16013,0.3239
ID,Boise,16015,0.0672
ID,Bonner,16017,0.2401
ID,Bonneville,16019,0.3634
ID,Boundary,16021,0.3083
ID,Butte,16023,0.2462
ID,Camas,16025,0.1338
ID,Canyon,16027,0.7366
ID,Caribou,16029,0.1917
ID,Cassia,16031,0.6732
ID,Clark,16033,0.8911
ID,Clearwater,16035,0.4401
ID,Custer,16037,0.4369
ID,Elmore,16039,0.5882
ID,Franklin,16041,0.1414
ID,Fremont,16043,0.5137
ID,Gem,16045,0.6627
ID,Gooding,16047,0.7076
ID,Idaho,16049,0.5392
ID,Jefferson,16051,0.2525
ID,Jerome,16053,0.6736
ID,Kootenai,16055,0.2328
ID,Latah,16057,0.2484
ID,Lemhi,16059,0.2997
ID,Lewis,16061,0.5678
ID,Lincoln,16063,0.5576
ID,Madison,16065,0.4029
ID,Minidoka,16067,0.6783
ID,Nez Perce,16069,0.5067
ID,Oneida,16071,0.3424
ID,Owyhee,16073,0.8245
ID,Payette,16075,0.601
ID,Power,16077,0.5162
ID,Shoshone,16079,0.757
ID,Teton,16081,0.1344
ID,Twin Falls,16083,0.4955
ID,Valley,16085,0.0882
ID,Washington,16087,0.8506
IL,Adams,17001,0.249
IL,Alexander,17003,0.9573
IL,Bond,17005,0.3732
IL,Boone,17007,0.4697
IL,Brown,17009,0.4745
IL,Bureau,17011,0.2863
IL,Calhoun,17013,0.1901
IL,Carroll,17015,0.1682
IL,Cass,17017,0.6971
IL,Champaign,17019,0.499
IL,Christian,17021,0.2408
IL,Clark,17023,0.2073
IL,Clay,17025,0.6115
IL,Clinton,17027,0.1787
IL,Coles,17029,0.4978
IL,Cook,17031,0.6755
IL,Crawford,17033,0.3838
IL,Cumberland,17035,0.1627
IL,DeKalb,17037,0.4866
IL,De Witt,17039,0.129
IL,Douglas,17041,0.4439
IL,DuPage,17043,0.1611
IL,Edgar,17045,0.3433
IL,Edwards,17047,0.2443
IL,Effingham,17049,0.199
IL,Fayette,17051,0.5949
IL,Ford,17053,0.3051
IL,Franklin,17055,0.6092
IL,Fulton,17057,0.5761
IL,Gallatin,17059,0.4538
IL,Greene,17061,0.1952
IL,Grundy,17063,0.0844
IL,Hamilton,17065,0.1529
IL,Hancock,17067,0.1232
IL,Hardin,17069,0.5019
IL,Henderson,17071,0.0669
IL,Henry,17073,0.201
IL,Iroquois,17075,0.3404
IL,Jackson,17077,0.7045
IL,Jasper,17079,0.2417
IL,Jefferson,17081,0.8108
IL,Jersey,17083,0.1041
IL,Jo Daviess,17085,0.0525
IL,Johnson,17087,0.4624
IL,Kane,17089,0.4169
IL,Kankakee,17091,0.6656
IL,Kendall,17093,0.1398
IL,Knox,17095,0.6462
IL,Lake,17097,0.3513
IL,LaSalle,17099,0.4303
IL,Lawrence,17101,0.7783
IL,Lee,17103,0.301
IL,Livingston,17105,0.4841
IL,Logan,17107,0.2271
IL,McDonough,17109,0.5166
IL,McHenry,17111,0.0701
IL,McLean,17113,0.1904
IL,Macon,17115,0.5971
IL,Macoupin,17117,0.1987
IL,Madison,17119,0.2965
IL,Marion,17121,0.7385
IL,Marshall,17123,0.0545
IL,Mason,17125,0.2946
IL,Massac,17127,0.7513
IL,Menard,17129,0.0484
IL,Mercer,17131,0.1134
IL,Monroe,17133,0.0016
IL,Montgomery,17135,0.3914
IL,Morgan,17137,0.5045
IL,Moultrie,17139,0.2949
IL,Ogle,17141,0.2917
IL,Peoria,17143,0.6131
IL,Perry,17145,0.6487
IL,Piatt,17147,0.0032
IL,Pike,17149,0.3494
IL,Pope,17151,0.4545
IL,Pulaski,17153,0.6943
IL,Putnam,17155,0.0277
IL,Randolph,17157,0.4567
IL,Richland,17159,0.4105
IL,Rock Island,17161,0.7137
IL,St. Clair,17163,0.5229
IL,Saline,17165,0.8637
IL,Sangamon,17167,0.4357
IL,Schuyler,17169,0.5707
IL,Scott,17171,0.1354
IL,Shelby,17173,0.085
IL,Stark,17175,0.0634
IL,Stephenson,17177,0.5
IL,Tazewell,17179,0.107
IL,Union,17181,0.6844
IL,Vermilion,17183,0.8131
IL,Wabash,17185,0.3207
IL,Warren,17187,0.6073
IL,Washington,17189,0.0653
IL,Wayne,17191,0.4331
IL,White,17193,0.5382
IL,Whiteside,17195,0.3283
IL,Will,17197,0.2022
IL,Williamson,17199,0.4806
IL,Winnebago,17201,0.7204
IL,Woodford,17203,0.0188
IN,Adams,18001,0.5904
IN,Allen,18003,0.5236
IN,Bartholomew,18005,0.3631
IN,Benton,18007,0.3347
IN,Blackford,18009,0.371
IN,Boone,18011,0.0449
IN,Brown,18013,0.0602
IN,Carroll,18015,0.1175
IN,Cass,18017,0.7197
IN,Clark,18019,0.2548
IN,Clay,18021,0.3338
IN,Clinton,18023,0.571
IN,Crawford,18025,0.3889
IN,Daviess,18027,0.6882
IN,Dearborn,18029,0.0799
IN,Decatur,18031,0.2102
IN,DeKalb,18033,0.2334
IN,Delaware,18035,0.5666
IN,Dubois,18037,0.208
IN,Elkhart,18039,0.7701
IN,Fayette,18041,0.6108
IN,Floyd,18043,0.1669
IN,Fountain,18045,0.2032
IN,Franklin,18047,0.1471
IN,Fulton,18049,0.3459
IN,Gibson,18051,0.315
IN,Grant,18053,0.7331
IN,Greene,18055,0.4443
IN,Hamilton,18057,0.0255
IN,Hancock,18059,0.0169
IN,Harrison,18061,0.1866
IN,Hendricks,18063,0.0815
IN,Henry,18065,0.3793
IN,Howard,18067,0.4815
IN,Huntington,18069,0.1248
IN,Jackson,18071,0.5389
IN,Jasper,18073,0.2685
IN,Jay,18075,0.6748
IN,Jefferson,18077,0.4414
IN,Jennings,18079,0.3847
IN,Johnson,18081,0.1424
IN,Knox,18083,0.5927
IN,Kosciusko,18085,0.4608
IN,LaGrange,18087,0.3707
IN,Lake,18089,0.7252
IN,LaPorte,18091,0.7217
IN,Lawrence,18093,0.2752
IN,Madison,18095,0.6713
IN,Marion,18097,0.7971
IN,Marshall,18099,0.5796
IN,Martin,18101,0.2398
IN,Miami,18103,0.5879
IN,Monroe,18105,0.4519
IN,Montgomery,18107,0.3685
IN,Morgan,18109,0.2156
IN,Newton,18111,0.3366
IN,Noble,18113,0.4742
IN,Ohio,18115,0.0252
IN,Orange,18117,0.6455
IN,Owen,18119,0.3455
IN,Parke,18121,0.5809
IN,Perry,18123,0.3102
IN,Pike,18125,0.1745
IN,Porter,18127,0.1478
IN,Posey,18129,0.0105
IN,Pulaski,18131,0.2309
IN,Putnam,18133,0.3484
IN,Randolph,18135,0.4296
IN,Ripley,18137,0.3774
IN,Rush,18139,0.2567
IN,St. Joseph,18141,0.6223
IN,Scott,18143,0.4201
IN,Shelby,18145,0.2182
IN,Spencer,18147,0.0879
IN,Starke,18149,0.3417
IN,Steuben,18151,0.271
IN,Sullivan,18153,0.6401
IN,Switzerland,18155,0.6271
IN,Tippecanoe,18157,0.493
IN,Tipton,18159,0.0726
IN,Union,18161,0.1713
IN,Vanderburgh,18163,0.5242
IN,Vermillion,18165,0.4503
IN,Vigo,18167,0.7274
IN,Wabash,18169,0.2882
IN,Warren,18171,0.078
IN,Warrick,18173,0.0678
IN,Washington,18175,0.3777
IN,Wayne,18177,0.7105
IN,Wells,18179,0.1439
IN,White,18181,0.2439
IN,Whitley,18183,0.0315
IA,Adair,19001,0.0538
IA,Adams,19003,0.0376
IA,Allamakee,19005,0.322
IA,Appanoose,19007,0.3783
IA,Audubon,19009,0.0226
IA,Benton,19011,0.0118
IA,Black Hawk,19013,0.4264
IA,Boone,19015,0.1178
IA,Bremer,19017,0.0322
IA,Buchanan,19019,0.0662
IA,Buena Vista,19021,0.7408
IA,Butler,19023,0.0236
IA,Calhoun,19025,0.158
IA,Carroll,19027,0.0455
IA,Cass,19029,0.1981
IA,Cedar,19031,0.008
IA,Cerro Gordo,19033,0.2497
IA,Cherokee,19035,0.1701
IA,Chickasaw,19037,0.0599
IA,Clarke,19039,0.4847
IA,Clay,19041,0.3439
IA,Clayton,19043,0.1841
IA,Clinton,19045,0.2646
IA,Crawford,19047,0.8551
IA,Dallas,19049,0.0596
IA,Davis,19051,0.3503
IA,Decatur,19053,0.6822
IA,Delaware,19055,0.0344
IA,Des Moines,19057,0.4653
IA,Dickinson,19059,0.0917
IA,Dubuque,19061,0.2347
IA,Emmet,19063,0.3946
IA,Fayette,19065,0.2252
IA,Floyd,19067,0.3596
IA,Franklin,19069,0.1962
IA,Fremont,19071,0.0554
IA,Greene,19073,0.1978
IA,Grundy,19075,0.0038
IA,Guthrie,19077,0.122
IA,Hamilton,19079,0.1153
IA,Hancock,19081,0.0713
IA,Hardin,19083,0.1242
IA,Harrison,19085,0.0646
IA,Henry,19087,0.3134
IA,Howard,19089,0.1567
IA,Humboldt,19091,0.1446
IA,Ida,19093,0.0866
IA,Iowa,19095,0.0347
IA,Jackson,19097,0.1268
IA,Jasper,19099,0.2548
IA,Jefferson,19101,0.4895
IA,Johnson,19103,0.2675
IA,Jones,19105,0.1924
IA,Keokuk,19107,0.0398
IA,Kossuth,19109,0.1048
IA,Lee,19111,0.5041
IA,Linn,19113,0.1806
IA,Louisa,19115,0.457
IA,Lucas,19117,0.2755
IA,Lyon,19119,0.0439
IA,Madison,19121,0.0204
IA,Mahaska,19123,0.4637
IA,Marion,19125,0.1949
IA,Marshall,19127,0.6863
IA,Mills,19129,0.1076
IA,Mitchell,19131,0.086
IA,Monona,19133,0.1796
IA,Monroe,19135,0.2519
IA,Montgomery,19137,0.528
IA,Muscatine,19139,0.3904
IA,O'Brien,19141,0.2322
IA,Osceola,19143,0.2634
IA,Page,19145,0.3341
IA,Palo Alto,19147,0.1729
IA,Plymouth,19149,0.1271
IA,Pocahontas,19151,0.1462
IA,Polk,19153,0.3768
IA,Pottawattamie,19155,0.4599
IA,Poweshiek,19157,0.1548
IA,Ringgold,19159,0.1299
IA,Sac,19161,0.0748
IA,Scott,19163,0.2659
IA,Shelby,19165,0.1303
IA,Sioux,19167,0.2207
IA,Story,19169,0.2124
IA,Tama,19171,0.3274
IA,Taylor,19173,0.2771
IA,Union,19175,0.4455
IA,Van Buren,19177,0.2465
IA,Wapello,19179,0.7439
IA,Warren,19181,0.072
IA,Washington,19183,0.2239
IA,Wayne,19185,0.4583
IA,Webster,19187,0.458
IA,Winnebago,19189,0.2061
IA,Winneshiek,19191,0.0115
IA,Woodbury,19193,0.6968
IA,Worth,19195,0.0697
IA,Wright,19197,0.4803
KS,Allen,20001,0.3978
KS,Anderson,20003,0.2274
KS,Atchison,20005,0.4911
KS,Barber,20007,0.2803
KS,Barton,20009,0.5439
KS,Bourbon,20011,0.5828
KS,Brown,20013,0.2717
KS,Butler,20015,0.2624
KS,Chase,20017,0.4067
KS,Chautauqua,20019,0.7188
KS,Cherokee,20021,0.3828
KS,Cheyenne,20023,0.1003
KS,Clark,20025,0.3124
KS,Clay,20027,0.0494
KS,Cloud,20029,0.2739
KS,Coffey,20031,0.2035
KS,Comanche,20033,0.0793
KS,Cowley,20035,0.7318
KS,Crawford,20037,0.6987
KS,Decatur,20039,0.1573
KS,Dickinson,20041,0.3322
KS,Doniphan,20043,0.2306
KS,Douglas,20045,0.2232
KS,Edwards,20047,0.372
KS,Elk,20049,0.3895
KS,Ellis,20051,0.1564
KS,Ellsworth,20053,0.3952
KS,Finney,20055,0.8236
KS,Ford,20057,0.857
KS,Franklin,20059,0.2137
KS,Geary,20061,0.6576
KS,Gove,20063,0.0975
KS,Graham,20065,0.1255
KS,Grant,20067,0.3815
KS,Gray,20069,0.2736
KS,Greeley,20071,0.5752
KS,Greenwood,20073,0.2127
KS,Hamilton,20075,0.2586
KS,Harper,20077,0.3223
KS,Harvey,20079,0.335
KS,Haskell,20081,0.4115
KS,Hodgeman,20083,0.1118
KS,Jackson,20085,0.2694
KS,Jefferson,20087,0.0548
KS,Jewell,20089,0.0876
KS,Johnson,20091,0.0615
KS,Kearny,20093,0.4656
KS,Kingman,20095,0.0513
KS,Kiowa,20097,0.258
KS,Labette,20099,0.6392
KS,Lane,20101,0.0303
KS,Leavenworth,20103,0.2404
KS,Lincoln,20105,0.1322
KS,Linn,20107,0.4478
KS,Logan,20109,0.1296
KS,Lyon,20111,0.7322
KS,McPherson,20113,0.1067
KS,Marion,20115,0.1771
KS,Marshall,20117,0.1264
KS,Meade,20119,0.3717
KS,Miami,20121,0.0258
KS,Mitchell,20123,0.2844
KS,Montgomery,20125,0.8029
KS,Morris,20127,0.2436
KS,Morton,20129,0.408
KS,Nemaha,20131,0.0962
KS,Neosho,20133,0.658
KS,Ness,20135,0.15
KS,Norton,20137,0.2975
KS,Osage,20139,0.2341
KS,Osborne,20141,0.0723
KS,Ottawa,20143,0.0271
KS,Pawnee,20145,0.2866
KS,Phillips,20147,0.242
KS,Pottawatomie,20149,0.1487
KS,Pratt,20151,0.3873
KS,Rawlins,20153,0.136
KS,Reno,20155,0.5866
KS,Republic,20157,0.0605
KS,Rice,20159,0.4252
KS,Riley,20161,0.4373
KS,Rooks,20163,0.142
KS,Rush,20165,0.0783
KS,Russell,20167,0.2392
KS,Saline,20169,0.4162
KS,Scott,20171,0.3061
KS,Sedgwick,20173,0.5357
KS,Seward,20175,0.9111
KS,Shawnee,20177,0.5099
KS,Sheridan,20179,0.0685
KS,Sherman,20181,0.4984
KS,Smith,20183,0.0503
KS,Stafford,20185,0.2777
KS,Stanton,20187,0.4965
KS,Stevens,20189,0.6739
KS,Sumner,20191,0.2223
KS,Thomas,20193,0.0704
KS,Trego,20195,0.0389
KS,Wabaunsee,20197,0.0532
KS,Wallace,20199,0.143
KS,Washington,20201,0.1481
KS,Wichita,20203,0.4678
KS,Wilson,20205,0.6366
KS,Woodson,20207,0.4398
KS,Wyandotte,20209,0.9242
KY,Adair,21001,0.7121
KY,Allen,21003,0.6796
KY,Anderson,21005,0.2637
KY,Ballard,21007,0.4459
KY,Barren,21009,0.7761
KY,Bath,21011,0.729
KY,Bell,21013,0.8927
KY,Boone,21015,0.1277
KY,Bourbon,21017,0.5561
KY,Boyd,21019,0.6908
KY,Boyle,21021,0.4315
KY,Bracken,21023,0.3866
KY,Breathitt,21025,0.822
KY,Breckinridge,21027,0.7376
KY,Bullitt,21029,0.1385
KY,Butler,21031,0.792
KY,Caldwell,21033,0.4981
KY,Calloway,21035,0.4997
KY,Campbell,21037,0.2188
KY,Carlisle,21039,0.3395
KY,Carroll,21041,0.8904
KY,Carter,21043,0.8204
KY,Casey,21045,0.7656
KY,Christian,21047,0.9127
KY,Clark,21049,0.6061
KY,Clay,21051,0.9099
KY,Clinton,21053,0.778
KY,Crittenden,21055,0.4844
KY,Cumberland,21057,0.5315
KY,Daviess,21059,0.6169
KY,Edmonson,21061,0.6357
KY,Elliott,21063,0.7239
KY,Estill,21065,0.7997
KY,Fayette,21067,0.4876
KY,Fleming,21069,0.771
KY,Floyd,21071,0.8503
KY,Franklin,21073,0.5468
KY,Fulton,21075,0.8704
KY,Gallatin,21077,0.6124
KY,Garrard,21079,0.4299
KY,Grant,21081,0.5602
KY,Graves,21083,0.7752
KY,Grayson,21085,0.6096
KY,Green,21087,0.5226
KY,Greenup,21089,0.3217
KY,Hancock,21091,0.3822
KY,Hardin,21093,0.5672
KY,Harlan,21095,0.8803
KY,Harrison,21097,0.5057
KY,Hart,21099,0.7659
KY,Henderson,21101,0.7089
KY,Henry,21103,0.5274
KY,Hickman,21105,0.5739
KY,Hopkins,21107,0.5541
KY,Jackson,21109,0.6662
KY,Jefferson,21111,0.5682
KY,Jessamine,21113,0.5201
KY,Johnson,21115,0.8102
KY,Kenton,21117,0.3379
KY,Knott,21119,0.8548
KY,Knox,21121,0.8325
KY,Larue,21123,0.5318
KY,Laurel,21125,0.7522
KY,Lawrence,21127,0.7583
KY,Lee,21129,0.8182
KY,Leslie,21131,0.7745
KY,Letcher,21133,0.8755
KY,Lewis,21135,0.6242
KY,Lincoln,21137,0.7083
KY,Livingston,21139,0.264
KY,Logan,21141,0.5287
KY,Lyon,21143,0.3252
KY,McCracken,21145,0.4153
KY,McCreary,21147,0.878
KY,McLean,21149,0.4217
KY,Madison,21151,0.4968
KY,Magoffin,21153,0.8057
KY,Marion,21155,0.9057
KY,Marshall,21157,0.2723
KY,Martin,21159,0.8494
KY,Mason,21161,0.6682
KY,Meade,21163,0.3178
KY,Menifee,21165,0.5847
KY,Mercer,21167,0.4134
KY,Metcalfe,21169,0.6812
KY,Monroe,21171,0.6975
KY,Montgomery,21173,0.7987
KY,Morgan,21175,0.8293
KY,Muhlenberg,21177,0.6134
KY,Nelson,21179,0.2895
KY,Nicholas,21181,0.8197
KY,Ohio,21183,0.5799
KY,Oldham,21185,0.0395
KY,Owen,21187,0.5264
KY,Owsley,21189,0.8414
KY,Pendleton,21191,0.415
KY,Perry,21193,0.9051
KY,Pike,21195,0.7908
KY,Powell,21197,0.7732
KY,Pulaski,21199,0.742
KY,Robertson,21201,0.3538
KY,Rockcastle,21203,0.7882
KY,Rowan,21205,0.7557
KY,Russell,21207,0.8634
KY,Scott,21209,0.3331
KY,Shelby,21211,0.4261
KY,Simpson,21213,0.2879
KY,Spencer,21215,0.0369
KY,Taylor,21217,0.721
KY,Todd,21219,0.8092
KY,Trigg,21221,0.365
KY,Trimble,21223,0.7143
KY,Union,21225,0.5366
KY,Warren,21227,0.7096
KY,Washington,21229,0.5127
KY,Wayne,21231,0.7478
KY,Webster,21233,0.7854
KY,Whitley,21235,0.8379
KY,Wolfe,21237,0.8621
KY,Woodford,21239,0.2041
LA,Acadia,22001,0.9182
LA,Allen,22003,0.9261
LA,Ascension,22005,0.3968
LA,Assumption,22007,0.779
LA,Avoyelles,22009,0.9634
LA,Beauregard,22011,0.6519
LA,Bienville,22013,0.9401
LA,Bossier,22015,0.5876
LA,Caddo,22017,0.8385
LA,Calcasieu,22019,0.7392
LA,Caldwell,22021,0.9331
LA,Cameron,22023,0.2643
LA,Catahoula,22025,0.7806
LA,Claiborne,22027,0.9478
LA,Concordia,22029,0.9134
LA,De Soto,22031,0.8917
LA,East Baton Rouge,22033,0.6653
LA,East Carroll,22035,0.9357
LA,East Feliciana,22037,0.8185
LA,Evangeline,22039,0.9975
LA,Franklin,22041,0.9519
LA,Grant,22043,0.6274
LA,Iberia,22045,0.9605
LA,Iberville,22047,0.886
LA,Jackson,22049,0.9382
LA,Jefferson,22051,0.6121
LA,Jefferson Davis,22053,0.8105
LA,Lafayette,22055,0.6217
LA,Lafourche,22057,0.7669
LA,LaSalle,22059,0.7634
LA,Lincoln,22061,0.8478
LA,Livingston,22063,0.4309
LA,Madison,22065,0.9697
LA,Morehouse,22067,0.8847
LA,Natchitoches,22069,0.8573
LA,Orleans,22071,0.7449
LA,Ouachita,22073,0.8522
LA,Plaquemines,22075,0.7061
LA,Pointe Coupee,22077,0.8475
LA,Rapides,22079,0.9086
LA,Red River,22081,0.8137
LA,Richland,22083,0.8554
LA,Sabine,22085,0.8315
LA,St. Bernard,22087,0.7713
LA,St. Charles,22089,0.3529
LA,St. Helena,22091,0.9
LA,St. James,22093,0.6299
LA,St. John the Baptist,22095,0.7468
LA,St. Landry,22097,0.922
LA,St. Martin,22099,0.7831
LA,St. Mary,22101,0.9162
LA,St. Tammany,22103,0.3105
LA,Tangipahoa,22105,0.8885
LA,Tensas,22107,0.8366
LA,Terrebonne,22109,0.8952
LA,Union,22111,0.808
LA,Vermilion,22113,0.8201
LA,Vernon,22115,0.7433
LA,Washington,22117,0.9962
LA,Webster,22119,0.879
LA,West Baton Rouge,22121,0.7611
LA,West Carroll,22123,0.6685
LA,West Feliciana,22125,0.6901
LA,Winn,22127,0.7755
ME,Androscoggin,23001,0.5567
ME,Aroostook,23003,0.5946
ME,Cumberland,23005,0.1363
ME,Franklin,23007,0.215
ME,Hancock,23009,0.193
ME,Kennebec,23011,0.3787
ME,Knox,23013,0.1475
ME,Lincoln,23015,0.1143
ME,Oxford,23017,0.3726
ME,Penobscot,23019,0.4532
ME,Piscataquis,23021,0.4898
ME,Sagadahoc,23023,0.0522
ME,Somerset,23025,0.622
ME,Waldo,23027,0.2197
ME,Washington,23029,0.6439
ME,York,23031,0.0936
MD,Allegany,24001,0.621
MD,Anne Arundel,24003,0.1783
MD,Baltimore,24005,0.3818
MD,Calvert,24009,0.0471
MD,Caroline,24011,0.5535
MD,Carroll,24013,0.0404
MD,Cecil,24015,0.2933
MD,Charles,24017,0.1723
MD,Dorchester,24019,0.7506
MD,Frederick,24021,0.1589
MD,Garrett,24023,0.1812
MD,Harford,24025,0.0933
MD,Howard,24027,0.1306
MD,Kent,24029,0.4277
MD,Montgomery,24031,0.3255
MD,Prince George's,24033,0.6261
MD,Queen Anne's,24035,0.022
MD,St. Mary's,24037,0.2086
MD,Somerset,24039,0.8978
MD,Talbot,24041,0.1331
MD,Washington,24043,0.614
MD,Wicomico,24045,0.7739
MD,Worcester,24047,0.2803
MD,Baltimore City,24510,0.8312
MA,Barnstable,25001,0.0564
MA,Berkshire,25003,0.4083
MA,Bristol,25005,0.5248
MA,Dukes,25007,0.0096
MA,Essex,25009,0.508
MA,Franklin,25011,0.2096
MA,Hampden,25013,0.8232
MA,Hampshire,25015,0.2325
MA,Middlesex,25017,0.2264
MA,Nantucket,25019,0.0268
MA,Norfolk,25021,0.2092
MA,Plymouth,25023,0.2303
MA,Suffolk,25025,0.7379
MA,Worcester,25027,0.4096
MI,Alcona,26001,0.2557
MI,Alger,26003,0.4481
MI,Allegan,26005,0.1758
MI,Alpena,26007,0.3408
MI,Antrim,26009,0.1156
MI,Arenac,26011,0.5054
MI,Baraga,26013,0.6599
MI,Barry,26015,0.0869
MI,Bay,26017,0.4404
MI,Benzie,26019,0.1051
MI,Berrien,26021,0.6475
MI,Branch,26023,0.6315
MI,Calhoun,26025,0.7242
MI,Cass,26027,0.328
MI,Charlevoix,26029,0.0968
MI,Cheboygan,26031,0.286
MI,Chippewa,26033,0.7245
MI,Clare,26035,0.772
MI,Clinton,26037,0.0401
MI,Crawford,26039,0.3697
MI,Delta,26041,0.3545
MI,Dickinson,26043,0.2296
MI,Eaton,26045,0.3131
MI,Emmet,26047,0.1357
MI,Genesee,26049,0.6624
MI,Gladwin,26051,0.5398
MI,Gogebic,26053,0.4038
MI,Grand Traverse,26055,0.1803
MI,Gratiot,26057,0.6035
MI,Hillsdale,26059,0.5019
MI,Houghton,26061,0.4962
MI,Huron,26063,0.2745
MI,Ingham,26065,0.5742
MI,Ionia,26067,0.478
MI,Iosco,26069,0.4494
MI,Iron,26071,0.2825
MI,Isabella,26073,0.6016
MI,Jackson,26075,0.5506
MI,Kalamazoo,26077,0.407
MI,Kalkaska,26079,0.5083
MI,Kent,26081,0.4761
MI,Keweenaw,26083,0.0787
MI,Lake,26085,0.7818
MI,Lapeer,26087,0.2382
MI,Leelanau,26089,0.0245
MI,Lenawee,26091,0.4076
MI,Livingston,26093,0.0067
MI,Luce,26095,0.5338
MI,Mackinac,26097,0.6452
MI,Macomb,26099,0.3296
MI,Manistee,26101,0.3997
MI,Marquette,26103,0.3057
MI,Mason,26105,0.3376
MI,Mecosta,26107,0.5975
MI,Menominee,26109,0.2764
MI,Midland,26111,0.1618
MI,Missaukee,26113,0.4755
MI,Monroe,26115,0.1494
MI,Montcalm,26117,0.6127
MI,Montmorency,26119,0.3729
MI,Muskegon,26121,0.7035
MI,Newaygo,26123,0.6318
MI,Oakland,26125,0.114
MI,Oceana,26127,0.858
MI,Ogemaw,26129,0.6258
MI,Ontonagon,26131,0.2732
MI,Osceola,26133,0.7401
MI,Oscoda,26135,0.6694
MI,Otsego,26137,0.3694
MI,Ottawa,26139,0.2172
MI,Presque Isle,26141,0.2761
MI,Roscommon,26143,0.4627
MI,Saginaw,26145,0.7048
MI,St. Clair,26147,0.279
MI,St. Joseph,26149,0.6516
MI,Sanilac,26151,0.4834
MI,Schoolcraft,26153,0.5452
MI,Shiawassee,26155,0.1325
MI,Tuscola,26157,0.3959
MI,Van Buren,26159,0.6589
MI,Washtenaw,26161,0.2236
MI,Wayne,26163,0.8723
MI,Wexford,26165,0.5035
MN,Aitkin,27001,0.3083
MN,Anoka,27003,0.1404
MN,Becker,27005,0.299
MN,Beltrami,27007,0.7771
MN,Benton,27009,0.4318
MN,Big Stone,27011,0.2006
MN,Blue Earth,27013,0.2838
MN,Brown,27015,0.1274
MN,Carlton,27017,0.2666
MN,Carver,27019,0.0124
MN,Cass,27021,0.35
MN,Chippewa,27023,0.3522
MN,Chisago,27025,0.0592
MN,Clay,27027,0.2217
MN,Clearwater,27029,0.7917
MN,Cook,27031,0.2029
MN,Cottonwood,27033,0.4726
MN,Crow Wing,27035,0.1223
MN,Dakota,27037,0.1207
MN,Dodge,27039,0.0573
MN,Douglas,27041,0.0446
MN,Faribault,27043,0.157
MN,Fillmore,27045,0.2169
MN,Freeborn,27047,0.4328
MN,Goodhue,27049,0.1707
MN,Grant,27051,0.0946
MN,Hennepin,27053,0.3092
MN,Houston,27055,0.0185
MN,Hubbard,27057,0.2051
MN,Isanti,27059,0.1022
MN,Itasca,27061,0.3293
MN,Jackson,27063,0.0306
MN,Kanabec,27065,0.2841
MN,Kandiyohi,27067,0.4064
MN,Kittson,27069,0.0997
MN,Koochiching,27071,0.4366
MN,Lac qui Parle,27073,0.1006
MN,Lake,27075,0.1102
MN,Lake of the Woods,27077,0.1576
MN,Le Sueur,27079,0.1146
MN,Lincoln,27081,0.0666
MN,Lyon,27083,0.4532
MN,McLeod,27085,0.1261
MN,Mahnomen,27087,0.8717
MN,Marshall,27089,0.1411
MN,Martin,27091,0.1933
MN,Meeker,27093,0.1869
MN,Mille Lacs,27095,0.5917
MN,Morrison,27097,0.2682
MN,Mower,27099,0.6283
MN,Murray,27101,0.1064
MN,Nicollet,27103,0.2513
MN,Nobles,27105,0.815
MN,Norman,27107,0.3248
MN,Olmsted,27109,0.2599
MN,Otter Tail,27111,0.2099
MN,Pennington,27113,0.3016
MN,Pine,27115,0.4631
MN,Pipestone,27117,0.4646
MN,Polk,27119,0.3669
MN,Pope,27121,0.0315
MN,Ramsey,27123,0.6334
MN,Red Lake,27125,0.1525
MN,Redwood,27127,0.2293
MN,Renville,27129,0.1968
MN,Rice,27131,0.393
MN,Rock,27133,0.1532
MN,Roseau,27135,0.2478
MN,St. Louis,27137,0.3118
MN,Scott,27139,0.1108
MN,Sherburne,27141,0.0885
MN,Sibley,27143,0.1315
MN,Stearns,27145,0.3885
MN,Steele,27147,0.3013
MN,Stevens,27149,0.2258
MN,Swift,27151,0.3213
MN,Todd,27153,0.4812
MN,Traverse,27155,0.2602
MN,Wabasha,27157,0.0589
MN,Wadena,27159,0.6554
MN,Waseca,27161,0.2503
MN,Washington,27163,0.0682
MN,Watonwan,27165,0.5191
MN,Wilkin,27167,0.1924
MN,Winona,27169,0.2115
MN,Wright,27171,0.0462
MN,Yellow Medicine,27173,0.3344
MS,Adams,28001,0.9914
MS,Alcorn,28003,0.6955
MS,Amite,28005,0.8191
MS,Attala,28007,0.9844
MS,Benton,28009,0.6605
MS,Bolivar,28011,0.9675
MS,Calhoun,28013,0.965
MS,Carroll,28015,0.6303
MS,Chickasaw,28017,0.9143
MS,Choctaw,28019,0.8541
MS,Claiborne,28021,0.992
MS,Clarke,28023,0.6669
MS,Clay,28025,0.7054
MS,Coahoma,28027,0.9322
MS,Copiah,28029,0.9411
MS,Covington,28031,0.7879
MS,DeSoto,28033,0.3032
MS,Forrest,28035,0.9366
MS,Franklin,28037,0.5717
MS,George,28039,0.6137
MS,Greene,28041,0.6067
MS,Grenada,28043,0.8771
MS,Hancock,28045,0.5924
MS,Harrison,28047,0.8838
MS,Hinds,28049,0.8742
MS,Holmes,28051,0.9818
MS,Humphreys,28053,0.9369
MS,Issaquena,28055,0.951
MS,Itawamba,28057,0.5487
MS,Jackson,28059,0.5433
MS,Jasper,28061,0.7691
MS,Jefferson,28063,0.9637
MS,Jefferson Davis,28065,0.8439
MS,Jones,28067,0.892
MS,Kemper,28069,0.9274
MS,Lafayette,28071,0.5096
MS,Lamar,28073,0.5306
MS,Lauderdale,28075,0.9283
MS,Lawrence,28077,0.6634
MS,Leake,28079,0.9946
MS,Lee,28081,0.7952
MS,Leflore,28083,0.9653
MS,Lincoln,28085,0.7586
MS,Lowndes,28087,0.7975
MS,Madison,28089,0.2898
MS,Marion,28091,0.935
MS,Marshall,28093,0.6904
MS,Monroe,28095,0.6398
MS,Montgomery,28097,0.8914
MS,Neshoba,28099,0.9685
MS,Newton,28101,0.9213
MS,Noxubee,28103,0.986
MS,Oktibbeha,28105,0.642
MS,Panola,28107,0.8933
MS,Pearl River,28109,0.7051
MS,Perry,28111,0.7086
MS,Pike,28113,0.9882
MS,Pontotoc,28115,0.8962
MS,Prentiss,28117,0.8513
MS,Quitman,28119,0.9545
MS,Rankin,28121,0.3127
MS,Scott,28123,0.985
MS,Sharkey,28125,0.9729
MS,Simpson,28127,0.9073
MS,Smith,28129,0.4732
MS,Stone,28131,0.6045
MS,Sunflower,28133,0.9494
MS,Tallahatchie,28135,0.9736
MS,Tate,28137,0.865
MS,Tippah,28139,0.8646
MS,Tishomingo,28141,0.6659
MS,Tunica,28143,0.972
MS,Union,28145,0.8277
MS,Walthall,28147,0.8611
MS,Warren,28149,0.8605
MS,Washington,28151,0.9783
MS,Wayne,28153,0.8997
MS,Webster,28155,0.5962
MS,Wilkinson,28157,0.9169
MS,Winston,28159,0.9306
MS,Yalobusha,28161,0.7347
MS,Yazoo,28163,0.9952
MO,Adair,29001,0.4548
MO,Andrew,29003,0.0325
MO,Atchison,29005,0.0736
MO,Audrain,29007,0.615
MO,Barry,29009,0.7099
MO,Barton,29011,0.5994
MO,Bates,29013,0.3857
MO,Benton,29015,0.5513
MO,Bollinger,29017,0.4793
MO,Boone,29019,0.2927
MO,Buchanan,29021,0.7182
MO,Butler,29023,0.8172
MO,Caldwell,29025,0.4513
MO,Callaway,29027,0.3232
MO,Camden,29029,0.3363
MO,Cape Girardeau,29031,0.4118
MO,Carroll,29033,0.5325
MO,Carter,29035,0.7455
MO,Cass,29037,0.1188
MO,Cedar,29039,0.6411
MO,Chariton,29041,0.1898
MO,Christian,29043,0.1497
MO,Clark,29045,0.342
MO,Clay,29047,0.1363
MO,Clinton,29049,0.1643
MO,Cole,29051,0.2583
MO,Cooper,29053,0.3892
MO,Crawford,29055,0.7554
MO,Dade,29057,0.6637
MO,Dallas,29059,0.7019
MO,Daviess,29061,0.4707
MO,DeKalb,29063,0.4054
MO,Dent,29065,0.6312
MO,Douglas,29067,0.5232
MO,Dunklin,29069,0.958
MO,Franklin,29071,0.1459
MO,Gasconade,29073,0.0854
MO,Gentry,29075,0.4389
MO,Greene,29077,0.4395
MO,Grundy,29079,0.6185
MO,Harrison,29081,0.7417
MO,Henry,29083,0.5959
MO,Hickory,29085,0.4672
MO,Holt,29087,0.1959
MO,Howard,29089,0.4041
MO,Howell,29091,0.6717
MO,Iron,29093,0.7822
MO,Jackson,29095,0.5354
MO,Jasper,29097,0.6564
MO,Jefferson,29099,0.1863
MO,Johnson,29101,0.3506
MO,Knox,29103,0.557
MO,Laclede,29105,0.6178
MO,Lafayette,29107,0.3882
MO,Lawrence,29109,0.7866
MO,Lewis,29111,0.4465
MO,Lincoln,29113,0.2939
MO,Linn,29115,0.272
MO,Livingston,29117,0.3748
MO,McDonald,29119,0.8631
MO,Macon,29121,0.586
MO,Madison,29123,0.4777
MO,Maries,29125,0.5118
MO,Marion,29127,0.5459
MO,Mercer,29129,0.3045
MO,Miller,29131,0.501
MO,Mississippi,29133,0.9076
MO,Moniteau,29135,0.5143
MO,Monroe,29137,0.3876
MO,Montgomery,29139,0.5331
MO,Morgan,29141,0.629
MO,New Madrid,29143,0.8968
MO,Newton,29145,0.4341
MO,Nodaway,29147,0.222
MO,Oregon,29149,0.4885
MO,Osage,29151,0.0497
MO,Ozark,29153,0.5825
MO,Pemiscot,29155,0.9303
MO,Perry,29157,0.2312
MO,Pettis,29159,0.8035
MO,Phelps,29161,0.6596
MO,Pike,29163,0.5376
MO,Platte,29165,0.0959
MO,Polk,29167,0.5987
MO,Pulaski,29169,0.6503
MO,Putnam,29171,0.5764
MO,Ralls,29173,0.1045
MO,Randolph,29175,0.5554
MO,Ray,29177,0.2573
MO,Reynolds,29179,0.5573
MO,Ripley,29181,0.715
MO,St. Charles,29183,0.0363
MO,St. Clair,29185,0.4987
MO,Ste. Genevieve,29186,0.1885
MO,St. Francois,29187,0.7016
MO,St. Louis,29189,0.2611
MO,Saline,29195,0.8162
MO,Schuyler,29197,0.3831
MO,Scotland,29199,0.5303
MO,Scott,29201,0.7844
MO,Shannon,29203,0.6449
MO,Shelby,29205,0.3984
MO,Stoddard,29207,0.4643
MO,Stone,29209,0.3487
MO,Sullivan,29211,0.6296
MO,Taney,29213,0.8217
MO,Texas,29215,0.8303
MO,Vernon,29217,0.451
MO,Warren,29219,0.3841
MO,Washington,29221,0.7904
MO,Wayne,29223,0.7646
MO,Webster,29225,0.6385
MO,Worth,29227,0.2239
MO,Wright,29229,0.9006
MO,St. Louis City,29510,0.7796
MT,Beaverhead,30001,0.2516
MT,Big Horn,30003,0.8274
MT,Blaine,30005,0.915
MT,Broadwater,30007,0.042
MT,Carbon,30009,0.0433
MT,Carter,30011,0.0487
MT,Cascade,30013,0.4102
MT,Chouteau,30015,0.4799
MT,Custer,30017,0.2901
MT,Daniels,30019,0.0242
MT,Dawson,30021,0.0752
MT,Deer Lodge,30023,0.4717
MT,Fallon,30025,0.0217
MT,Fergus,30027,0.2376
MT,Flathead,30029,0.0924
MT,Gallatin,30031,0.0427
MT,Garfield,30033,0.0076
MT,Glacier,30035,0.8583
MT,Golden Valley,30037,0.0519
MT,Granite,30039,0.0764
MT,Hill,30041,0.6984
MT,Jefferson,30043,0.0481
MT,Judith Basin,30045,0.0162
MT,Lake,30047,0.6468
MT,Lewis and Clark,30049,0.1258
MT,Liberty,30051,0.4099
MT,Lincoln,30053,0.4194
MT,McCone,30055,0.0774
MT,Madison,30057,0.1726
MT,Meagher,30059,0.0465
MT,Mineral,30061,0.5621
MT,Missoula,30063,0.178
MT,Musselshell,30065,0.3551
MT,Park,30067,0.0688
MT,Petroleum,30069,0.0029
MT,Phillips,30071,0.4146
MT,Pondera,30073,0.8296
MT,Powder River,30075,0.0392
MT,Powell,30077,0.2545
MT,Prairie,30079,0.0758
MT,Ravalli,30081,0.186
MT,Richland,30083,0.2121
MT,Roosevelt,30085,0.8879
MT,Rosebud,30087,0.607
MT,Sanders,30089,0.3478
MT,Sheridan,30091,0.0949
MT,Silver Bow,30093,0.5258
MT,Stillwater,30095,0.036
MT,Sweet Grass,30097,0.0086
MT,Teton,30099,0.2981
MT,Toole,30101,0.4768
MT,Treasure,30103,0.0567
MT,Valley,30105,0.1162
MT,Wheatland,30107,0.5436
MT,Wibaux,30109,0.3933
MT,Yellowstone,30111,0.2497
NE,Adams,31001,0.3592
NE,Antelope,31003,0.1032
NE,Arthur,31005,0.0083
NE,Banner,31007,0.0041
NE,Blaine,31009,0.0908
NE,Boone,31011,0.0283
NE,Box Butte,31013,0.3586
NE,Boyd,31015,0.092
NE,Brown,31017,0.1252
NE,Buffalo,31019,0.2656
NE,Burt,31021,0.2541
NE,Butler,31023,0.1172
NE,Cass,31025,0.0108
NE,Cedar,31027,0.0121
NE,Chase,31029,0.1551
NE,Cherry,31031,0.2261
NE,Cheyenne,31033,0.121
NE,Clay,31035,0.1646
NE,Colfax,31037,0.5188
NE,Cuming,31039,0.1936
NE,Custer,31041,0.1818
NE,Dakota,31043,0.8615
NE,Dawes,31045,0.1717
NE,Dawson,31047,0.7933
NE,Deuel,31049,0.165
NE,Dixon,31051,0.379
NE,Dodge,31053,0.5691
NE,Douglas,31055,0.4669
NE,Dundy,31057,0.3038
NE,Fillmore,31059,0.0618
NE,Franklin,31061,0.0768
NE,Frontier,31063,0.0994
NE,Furnas,31065,0.1825
NE,Gage,31067,0.1105
NE,Garden,31069,0.0143
NE,Garfield,31071,0.043
NE,Gosper,31073,0.0051
NE,Grant,31075,0.1328
NE,Greeley,31077,0.0411
NE,Hall,31079,0.6701
NE,Hamilton,31081,0.0089
NE,Harlan,31083,0.1239
NE,Hayes,31085,0.0436
NE,Hitchcock,31087,0.1943
NE,Holt,31089,0.0981
NE,Hooker,31091,0.1468
NE,Howard,31093,0.0803
NE,Jefferson,31095,0.2185
NE,Johnson,31097,0.5777
NE,Kearney,31099,0.0939
NE,Keith,31101,0.2268
NE,Keya Paha,31103,0.001
NE,Kimball,31105,0.5611
NE,Knox,31107,0.3277
NE,Lancaster,31109,0.3025
NE,Lincoln,31111,0.3675
NE,Logan,31113,0.1073
NE,Loup,31115,0.0045
NE,McPherson,31117,0.0838
NE,Madison,31119,0.5105
NE,Merrick,31121,0.1975
NE,Morrill,31123,0.422
NE,Nance,31125,0.0825
NE,Nemaha,31127,0.1659
NE,Nuckolls,31129,0.1736
NE,Otoe,31131,0.2287
NE,Pawnee,31133,0.2318
NE,Perkins,31135,0.0538
NE,Phelps,31137,0.1226
NE,Pierce,31139,0.0229
NE,Platte,31141,0.2994
NE,Polk,31143,0.1908
NE,Red Willow,31145,0.2373
NE,Richardson,31147,0.1025
NE,Rock,31149,0.0092
NE,Saline,31151,0.5978
NE,Sarpy,31153,0.0971
NE,Saunders,31155,0.0424
NE,Scotts Bluff,31157,0.5675
NE,Seward,31159,0.0468
NE,Sheridan,31161,0.5968
NE,Sherman,31163,0.0739
NE,Sioux,31165,0.0178
NE,Stanton,31167,0.057
NE,Thayer,31169,0.058
NE,Thomas,31171,0.0035
NE,Thurston,31173,0.8866
NE,Valley,31175,0.1484
NE,Washington,31177,0.0379
NE,Wayne,31179,0.0847
NE,Webster,31181,0.1092
NE,Wheeler,31183,0.0048
NE,York,31185,0.1828
NV,Churchill,32001,0.6048
NV,Clark,32003,0.7404
NV,Douglas,32005,0.1793
NV,Elko,32007,0.5178
NV,Esmeralda,32009,0.6395
NV,Eureka,32011,0.0675
NV,Humboldt,32013,0.5869
NV,Lander,32015,0.8261
NV,Lincoln,32017,0.4213
NV,Lyon,32019,0.5783
NV,Mineral,32021,0.8815
NV,Nye,32023,0.7309
NV,Pershing,32027,0.9038
NV,Storey,32029,0.0717
NV,Washoe,32031,0.5271
NV,White Pine,32033,0.3742
NV,Carson City,32510,0.8443
NH,Belknap,33001,0.0841
NH,Carroll,33003,0.0583
NH,Cheshire,33005,0.1417
NH,Coos,33007,0.529
NH,Grafton,33009,0.1882
NH,Hillsborough,33011,0.1911
NH,Merrimack,33013,0.1455
NH,Rockingham,33015,0.0111
NH,Strafford,33017,0.1748
NH,Sullivan,33019,0.1513
NJ,Atlantic,34001,0.7911
NJ,Bergen,34003,0.2395
NJ,Burlington,34005,0.2054
NJ,Camden,34007,0.6118
NJ,Cape May,34009,0.3398
NJ,Cumberland,34011,0.9592
NJ,Essex,34013,0.8404
NJ,Gloucester,34015,0.1675
NJ,Hudson,34017,0.6424
NJ,Hunterdon,34019,0.0264
NJ,Mercer,34021,0.558
NJ,Middlesex,34023,0.4659
NJ,Monmouth,34025,0.1605
NJ,Morris,34027,0.1201
NJ,Ocean,34029,0.3354
NJ,Passaic,34031,0.7764
NJ,Salem,34033,0.5901
NJ,Somerset,34035,0.1
NJ,Sussex,34037,0.0191
NJ,Union,34039,0.6232
NJ,Warren,34041,0.2178
NM,Bernalillo,35001,0.6828
NM,Catron,35003,0.3357
NM,Chaves,35005,0.9551
NM,Cibola,35006,0.9984
NM,Colfax,35007,0.9627
NM,Curry,35009,0.8774
NM,De Baca,35011,0.6939
NM,Doña Ana,35013,0.9841
NM,Eddy,35015,0.7032
NM,Grant,35017,0.9296
NM,Guadalupe,35019,0.9529
NM,Harding,35021,0.3615
NM,Hidalgo,35023,0.9631
NM,Lea,35025,0.9217
NM,Lincoln,35027,0.4796
NM,Los Alamos,35028,0.0248
NM,Luna,35029,0.999
NM,McKinley,35031,0.9889
NM,Mora,35033,0.7959
NM,Otero,35035,0.914
NM,Quay,35037,0.8096
NM,Rio Arriba,35039,-999
NM,Roosevelt,35041,0.943
NM,Sandoval,35043,0.4818
NM,San Juan,35045,0.9194
NM,San Miguel,35047,0.9863
NM,Santa Fe,35049,0.5255
NM,Sierra,35051,0.9146
NM,Socorro,35053,0.9745
NM,Taos,35055,0.8586
NM,Torrance,35057,0.749
NM,Union,35059,0.6793
NM,Valencia,35061,0.9041
NY,Albany,36001,0.3041
NY,Allegany,36003,0.5818
NY,Bronx,36005,0.9927
NY,Broome,36007,0.6166
NY,Cattaraugus,36009,0.7283
NY,Cayuga,36011,0.5025
NY,Chautauqua,36013,0.7248
NY,Chemung,36015,0.485
NY,Chenango,36017,0.5646
NY,Clinton,36019,0.5312
NY,Columbia,36021,0.3854
NY,Cortland,36023,0.3452
NY,Delaware,36025,0.6331
NY,Dutchess,36027,0.4207
NY,Erie,36029,0.414
NY,Essex,36031,0.3869
NY,Franklin,36033,0.7073
NY,Fulton,36035,0.501
NY,Genesee,36037,0.1879
NY,Greene,36039,0.4159
NY,Hamilton,36041,0.3898
NY,Herkimer,36043,0.5322
NY,Jefferson,36045,0.6484
NY,Kings,36047,0.8153
NY,Lewis,36049,0.2911
NY,Livingston,36051,0.3424
NY,Madison,36053,0.1666
NY,Monroe,36055,0.5204
NY,Montgomery,36057,0.8306
NY,Nassau,36059,0.243
NY,New York,36061,0.551
NY,Niagara,36063,0.3318
NY,Oneida,36065,0.6946
NY,Onondaga,36067,0.5207
NY,Ontario,36069,0.2315
NY,Orange,36071,0.5538
NY,Orleans,36073,0.643
NY,Oswego,36075,0.6497
NY,Otsego,36077,0.4236
NY,Putnam,36079,0.0812
NY,Queens,36081,0.6201
NY,Rensselaer,36083,0.343
NY,Richmond,36085,0.4764
NY,Rockland,36087,0.6038
NY,St. Lawrence,36089,0.7475
NY,Saratoga,36091,0.0475
NY,Schenectady,36093,0.3943
NY,Schoharie,36095,0.4013
NY,Schuyler,36097,0.3691
NY,Seneca,36099,0.449
NY,Steuben,36101,0.4691
NY,Suffolk,36103,0.2146
NY,Sullivan,36105,0.7939
NY,Tioga,36107,0.1994
NY,Tompkins,36109,0.3462
NY,Ulster,36111,0.4704
NY,Warren,36113,0.1742
NY,Washington,36115,0.4
NY,Wayne,36117,0.3414
NY,Westchester,36119,0.5516
NY,Wyoming,36121,0.3121
NY,Yates,36123,0.4392
NC,Alamance,37001,0.7838
NC,Alexander,37003,0.6341
NC,Alleghany,37005,0.6268
NC,Anson,37007,0.9443
NC,Ashe,37009,0.4994
NC,Avery,37011,0.6446
NC,Beaufort,37013,0.7156
NC,Bertie,37015,0.9385
NC,Bladen,37017,0.9446
NC,Brunswick,37019,0.3583
NC,Buncombe,37021,0.3799
NC,Burke,37023,0.8487
NC,Cabarrus,37025,0.4175
NC,Caldwell,37027,0.651
NC,Camden,37029,0.307
NC,Carteret,37031,0.4255
NC,Caswell,37033,0.836
NC,Catawba,37035,0.6481
NC,Chatham,37037,0.3809
NC,Cherokee,37039,0.4869
NC,Chowan,37041,0.8118
NC,Clay,37043,0.2191
NC,Cleveland,37045,0.835
NC,Columbus,37047,0.9481
NC,Craven,37049,0.8099
NC,Cumberland,37051,0.864
NC,Currituck,37053,0.1194
NC,Dare,37055,0.1449
NC,Davidson,37057,0.6841
NC,Davie,37059,0.4411
NC,Duplin,37061,0.979
NC,Durham,37063,0.6197
NC,Edgecombe,37065,0.9726
NC,Forsyth,37067,0.6834
NC,Franklin,37069,0.6376
NC,Gaston,37071,0.672
NC,Gates,37073,0.3567
NC,Graham,37075,0.6338
NC,Granville,37077,0.6561
NC,Greene,37079,0.9924
NC,Guilford,37081,0.6369
NC,Halifax,37083,0.9646
NC,Harnett,37085,0.7869
NC,Haywood,37087,0.2809
NC,Henderson,37089,0.321
NC,Hertford,37091,0.9873
NC,Hoke,37093,0.8924
NC,Hyde,37095,0.8627
NC,Iredell,37097,0.3745
NC,Jackson,37099,0.6236
NC,Johnston,37101,0.5395
NC,Jones,37103,0.8761
NC,Lee,37105,0.8481
NC,Lenoir,37107,0.9933
NC,Lincoln,37109,0.3564
NC,McDowell,37111,0.7895
NC,Macon,37113,0.3548
NC,Madison,37115,0.4586
NC,Martin,37117,0.7541
NC,Mecklenburg,37119,0.4408
NC,Mitchell,37121,0.4223
NC,Montgomery,37123,0.8713
NC,Moore,37125,0.3621
NC,Nash,37127,0.8287
NC,New Hanover,37129,0.3771
NC,Northampton,37131,0.9022
NC,Onslow,37133,0.7465
NC,Orange,37135,0.2959
NC,Pamlico,37137,0.7162
NC,Pasquotank,37139,0.7748
NC,Pender,37141,0.5478
NC,Perquimans,37143,0.5048
NC,Person,37145,0.7732
NC,Pitt,37147,0.8242
NC,Polk,37149,0.3825
NC,Randolph,37151,0.6965
NC,Richmond,37153,0.9796
NC,Robeson,37155,0.9911
NC,Rockingham,37157,0.7857
NC,Rowan,37159,0.8143
NC,Rutherford,37161,0.7551
NC,Sampson,37163,0.9723
NC,Scotland,37165,0.9936
NC,Stanly,37167,0.6325
NC,Stokes,37169,0.3067
NC,Surry,37171,0.7258
NC,Swain,37173,0.7774
NC,Transylvania,37175,0.3975
NC,Tyrrell,37177,0.8764
NC,Union,37179,0.1873
NC,Vance,37181,0.9787
NC,Wake,37183,0.2774
NC,Warren,37185,0.8943
NC,Washington,37187,0.8787
NC,Watauga,37189,0.4121
NC,Wayne,37191,0.9503
NC,Wilkes,37193,0.6924
NC,Wilson,37195,0.936
NC,Yadkin,37197,0.6404
NC,Yancey,37199,0.5736
ND,Adams,38001,0.0299
ND,Barnes,38003,0.1245
ND,Benson,38005,0.8433
ND,Billings,38007,0.0312
ND,Bottineau,38009,0.0691
ND,Bowman,38011,0.1755
ND,Burke,38013,0.007
ND,Burleigh,38015,0.1739
ND,Cass,38017,0.1427
ND,Cavalier,38019,0.0172
ND,Dickey,38021,0.1159
ND,Divide,38023,0.0334
ND,Dunn,38025,0.2226
ND,Eddy,38027,0.2904
ND,Emmons,38029,0.0955
ND,Foster,38031,0.0175
ND,Golden Valley,38033,0.093
ND,Grand Forks,38035,0.3029
ND,Grant,38037,0.071
ND,Griggs,38039,0.0732
ND,Hettinger,38041,0.0561
ND,Kidder,38043,0.029
ND,LaMoure,38045,0.0443
ND,Logan,38047,0.0382
ND,McHenry,38049,0.0296
ND,McIntosh,38051,0.1061
ND,McKenzie,38053,0.392
ND,McLean,38055,0.0834
ND,Mercer,38057,0.1016
ND,Morton,38059,0.1035
ND,Mountrail,38061,0.3758
ND,Nelson,38063,0.035
ND,Oliver,38065,0.2108
ND,Pembina,38067,0.0417
ND,Pierce,38069,0.1914
ND,Ramsey,38071,0.3532
ND,Ransom,38073,0.0857
ND,Renville,38075,0.028
ND,Richland,38077,0.1217
ND,Rolette,38079,0.907
ND,Sargent,38081,0.0232
ND,Sheridan,38083,0.0742
ND,Sioux,38085,0.8844
ND,Slope,38087,0.0137
ND,Stark,38089,0.214
ND,Steele,38091,0.0019
ND,Stutsman,38093,0.2424
ND,Towner,38095,0.1946
ND,Traill,38097,0.0927
ND,Walsh,38099,0.3682
ND,Ward,38101,0.1678
ND,Wells,38103,0.0611
ND,Williams,38105,0.251
OH,Adams,39001,0.7704
OH,Allen,39003,0.5793
OH,Ashland,39005,0.4334
OH,Ashtabula,39007,0.7857
OH,Athens,39009,0.7325
OH,Auglaize,39011,0.0535
OH,Belmont,39013,0.3596
OH,Brown,39015,0.4048
OH,Butler,39017,0.3618
OH,Carroll,39019,0.1538
OH,Champaign,39021,0.2978
OH,Clark,39023,0.7271
OH,Clermont,39025,0.1029
OH,Clinton,39027,0.4424
OH,Columbiana,39029,0.4854
OH,Coshocton,39031,0.6207
OH,Crawford,39033,0.3191
OH,Cuyahoga,39035,0.6809
OH,Darke,39037,0.1347
OH,Defiance,39039,0.2166
OH,Delaware,39041,0.0166
OH,Erie,39043,0.2914
OH,Fairfield,39045,0.2354
OH,Fayette,39047,0.5016
OH,Franklin,39049,0.5124
OH,Fulton,39051,0.1777
OH,Gallia,39053,0.664
OH,Geauga,39055,0.0901
OH,Greene,39057,0.2076
OH,Guernsey,39059,0.6707
OH,Hamilton,39061,0.5369
OH,Hancock,39063,0.2111
OH,Hardin,39065,0.471
OH,Harrison,39067,0.5194
OH,Henry,39069,0.1557
OH,Highland,39071,0.6898
OH,Hocking,39073,0.4685
OH,Holmes,39075,0.436
OH,Huron,39077,0.4325
OH,Jackson,39079,0.7726
OH,Jefferson,39081,0.5494
OH,Knox,39083,0.2943
OH,Lake,39085,0.1293
OH,Lawrence,39087,0.5583
OH,Licking,39089,0.229
OH,Logan,39091,0.3169
OH,Lorain,39093,0.5089
OH,Lucas,39095,0.6876
OH,Madison,39097,0.3382
OH,Mahoning,39099,0.5889
OH,Marion,39101,0.6414
OH,Medina,39103,0.0102
OH,Meigs,39105,0.6787
OH,Mercer,39107,0.051
OH,Miami,39109,0.1191
OH,Monroe,39111,0.443
OH,Montgomery,39113,0.6726
OH,Morgan,39115,0.5659
OH,Morrow,39117,0.192
OH,Muskingum,39119,0.5981
OH,Noble,39121,0.4293
OH,Ottawa,39123,0.1541
OH,Paulding,39125,0.2885
OH,Perry,39127,0.5545
OH,Pickaway,39129,0.2818
OH,Pike,39131,0.7994
OH,Portage,39133,0.2455
OH,Preble,39135,0.1691
OH,Putnam,39137,0.0153
OH,Richland,39139,0.6169
OH,Ross,39141,0.7255
OH,Sandusky,39143,0.3987
OH,Scioto,39145,0.8347
OH,Seneca,39147,0.3755
OH,Shelby,39149,0.1892
OH,Stark,39151,0.3666
OH,Summit,39153,0.3334
OH,Trumbull,39155,0.464
OH,Tuscarawas,39157,0.3443
OH,Union,39159,0.0771
OH,Van Wert,39161,0.1697
OH,Vinton,39163,0.7229
OH,Warren,39165,0.0478
OH,Washington,39167,0.3497
OH,Wayne,39169,0.479
OH,Williams,39171,0.2691
OH,Wood,39173,0.1662
OH,Wyandot,39175,0.2274
OK,Adair,40001,0.8965
OK,Alfalfa,40003,0.2535
OK,Atoka,40005,0.8076
OK,Beaver,40007,0.4554
OK,Beckham,40009,0.7118
OK,Blaine,40011,0.6678
OK,Bryan,40013,0.8127
OK,Caddo,40015,0.9459
OK,Canadian,40017,0.2621
OK,Carter,40019,0.7914
OK,Cherokee,40021,0.9271
OK,Choctaw,40023,0.9602
OK,Cimarron,40025,0.4475
OK,Cleveland,40027,0.3436
OK,Coal,40029,0.8255
OK,Comanche,40031,0.8354
OK,Cotton,40033,0.6742
OK,Craig,40035,0.8538
OK,Creek,40037,0.4901
OK,Custer,40039,0.7503
OK,Delaware,40041,0.7697
OK,Dewey,40043,0.2248
OK,Ellis,40045,0.3019
OK,Garfield,40047,0.5908
OK,Garvin,40049,0.5115
OK,Grady,40051,0.308
OK,Grant,40053,0.1634
OK,Greer,40055,0.7742
OK,Harmon,40057,0.8108
OK,Harper,40059,0.3185
OK,Haskell,40061,0.8736
OK,Hughes,40063,0.8115
OK,Jackson,40065,0.8226
OK,Jefferson,40067,0.8745
OK,Johnston,40069,0.8468
OK,Kay,40071,0.842
OK,Kingfisher,40073,0.3806
OK,Kiowa,40075,0.6545
OK,Latimer,40077,0.8936
OK,Le Flore,40079,0.9032
OK,Lincoln,40081,0.4787
OK,Logan,40083,0.2984
OK,Love,40085,0.6293
OK,McClain,40087,0.1624
OK,McCurtain,40089,0.9137
OK,McIntosh,40091,0.7828
OK,Major,40093,0.3204
OK,Marshall,40095,0.8545
OK,Mayes,40097,0.7519
OK,Murray,40099,0.7092
OK,Muskogee,40101,0.9338
OK,Noble,40103,0.3385
OK,Nowata,40105,0.5895
OK,Okfuskee,40107,0.9287
OK,Oklahoma,40109,0.6818
OK,Okmulgee,40111,0.8659
OK,Osage,40113,0.6239
OK,Ottawa,40115,0.9576
OK,Pawnee,40117,0.5424
OK,Payne,40119,0.5131
OK,Pittsburg,40121,0.8264
OK,Pontotoc,40123,0.65
OK,Pottawatomie,40125,0.7815
OK,Pushmataha,40127,0.7863
OK,Roger Mills,40129,0.4003
OK,Rogers,40131,0.2834
OK,Seminole,40133,0.929
OK,Sequoyah,40135,0.9159
OK,Stephens,40137,0.6051
OK,Texas,40139,0.821
OK,Tillman,40141,0.871
OK,Tulsa,40143,0.6159
OK,Wagoner,40145,0.4245
OK,Washington,40147,0.4382
OK,Washita,40149,0.4045
OK,Woods,40151,0.314
OK,Woodward,40153,0.5745
OR,Baker,41001,0.6854
OR,Benton,41003,0.349
OR,Clackamas,41005,0.1895
OR,Clatsop,41007,0.5185
OR,Columbia,41009,0.4025
OR,Coos,41011,0.743
OR,Crook,41013,0.5729
OR,Curry,41015,0.4879
OR,Deschutes,41017,0.1637
OR,Douglas,41019,0.7277
OR,Gilliam,41021,0.5092
OR,Grant,41023,0.5465
OR,Harney,41025,0.7108
OR,Hood River,41027,0.5455
OR,Jackson,41029,0.7354
OR,Jefferson,41031,0.9118
OR,Josephine,41033,0.6557
OR,Klamath,41035,0.8688
OR,Lake,41037,0.7608
OR,Lane,41039,0.649
OR,Lincoln,41041,0.5522
OR,Linn,41043,0.679
OR,Malheur,41045,0.9965
OR,Marion,41047,0.8535
OR,Morrow,41049,0.7643
OR,Multnomah,41051,0.4675
OR,Polk,41053,0.5777
OR,Sherman,41055,0.135
OR,Tillamook,41057,0.6586
OR,Umatilla,41059,0.9688
OR,Union,41061,0.6729
OR,Wallowa,41063,0.5032
OR,Wasco,41065,0.8389
OR,Washington,41067,0.3194
OR,Wheeler,41069,0.3901
OR,Yamhill,41071,0.6608
PA,Adams,42001,0.2118
PA,Allegheny,42003,0.2506
PA,Armstrong,42005,0.2475
PA,Beaver,42007,0.2481
PA,Bedford,42009,0.2729
PA,Berks,42011,0.6162
PA,Blair,42013,0.3981
PA,Bradford,42015,0.3471
PA,Bucks,42017,0.0831
PA,Butler,42019,0.079
PA,Cambria,42021,0.4892
PA,Cameron,42023,0.3006
PA,Carbon,42025,0.3048
PA,Centre,42027,0.2892
PA,Chester,42029,0.1436
PA,Clarion,42031,0.4771
PA,Clearfield,42033,0.6054
PA,Clinton,42035,0.486
PA,Columbia,42037,0.2768
PA,Crawford,42039,0.5064
PA,Cumberland,42041,0.1615
PA,Dauphin,42043,0.4975
PA,Delaware,42045,0.4131
PA,Elk,42047,0.1166
PA,Erie,42049,0.6194
PA,Fayette,42051,0.6248
PA,Forest,42053,0.7115
PA,Franklin,42055,0.3373
PA,Fulton,42057,0.2201
PA,Greene,42059,0.435
PA,Huntingdon,42061,0.4908
PA,Indiana,42063,0.5484
PA,Jefferson,42065,0.3312
PA,Juniata,42067,0.4484
PA,Lackawanna,42069,0.5252
PA,Lancaster,42071,0.4573
PA,Lawrence,42073,0.4694
PA,Lebanon,42075,0.5328
PA,Lehigh,42077,0.635
PA,Luzerne,42079,0.6089
PA,Lycoming,42081,0.421
PA,McKean,42083,0.5462
PA,Mercer,42085,0.542
PA,Mifflin,42087,0.4723
PA,Monroe,42089,0.3064
PA,Montgomery,42091,0.1653
PA,Montour,42093,0.3111
PA,Northampton,42095,0.2876
PA,Northumberland,42097,0.5006
PA,Perry,42099,0.1089
PA,Philadelphia,42101,0.9204
PA,Pike,42103,0.1287
PA,Potter,42105,0.4417
PA,Schuylkill,42107,0.4506
PA,Snyder,42109,0.2299
PA,Somerset,42111,0.4226
PA,Sullivan,42113,0.3576
PA,Susquehanna,42115,0.2064
PA,Tioga,42117,0.3153
PA,Union,42119,0.3605
PA,Venango,42121,0.4229
PA,Warren,42123,0.2134
PA,Washington,42125,0.1694
PA,Wayne,42127,0.2631
PA,Westmoreland,42129,0.1379
PA,Wyoming,42131,0.1121
PA,York,42133,0.329
RI,Bristol,44001,0.1236
RI,Kent,44003,0.1519
RI,Newport,44005,0.179
RI,Providence,44007,0.7592
RI,Washington,44009,0.0889
SC,Abbeville,45001,0.8564
SC,Aiken,45003,0.6666
SC,Allendale,45005,0.993
SC,Anderson,45007,0.701
SC,Bamberg,45009,0.9516
SC,Barnwell,45011,0.9904
SC,Beaufort,45013,0.4006
SC,Berkeley,45015,0.5146
SC,Calhoun,45017,0.5627
SC,Charleston,45019,0.3156
SC,Cherokee,45021,0.6978
SC,Chester,45023,0.7363
SC,Chesterfield,45025,0.9487
SC,Clarendon,45027,0.9793
SC,Colleton,45029,0.8
SC,Darlington,45031,0.9268
SC,Dillon,45033,0.9682
SC,Dorchester,45035,0.4188
SC,Edgefield,45037,0.8484
SC,Fairfield,45039,0.7484
SC,Florence,45041,0.8987
SC,Georgetown,45043,0.6771
SC,Greenville,45045,0.5038
SC,Greenwood,45047,0.9344
SC,Hampton,45049,0.8032
SC,Horry,45051,0.6102
SC,Jasper,45053,0.9449
SC,Kershaw,45055,0.4959
SC,Lancaster,45057,0.5121
SC,Laurens,45059,0.9172
SC,Lee,45061,0.921
SC,Lexington,45063,0.442
SC,McCormick,45065,0.7373
SC,Marion,45067,0.9293
SC,Marlboro,45069,0.9869
SC,Newberry,45071,0.9232
SC,Oconee,45073,0.7293
SC,Orangeburg,45075,0.9229
SC,Pickens,45077,0.599
SC,Richland,45079,0.6309
SC,Saluda,45081,0.7949
SC,Spartanburg,45083,0.7618
SC,Sumter,45085,0.9732
SC,Union,45087,0.8678
SC,Williamsburg,45089,0.9704
SC,York,45091,0.3662
SD,Aurora,46003,0.2726
SD,Beadle,46005,0.6506
SD,Bennett,46007,0.7927
SD,Bon Homme,46009,0.2382
SD,Brookings,46011,0.1561
SD,Brown,46013,0.3287
SD,Brule,46015,0.5713
SD,Buffalo,46017,0.971
SD,Butte,46019,0.3627
SD,Campbell,46021,0.0064
SD,Charles Mix,46023,0.7389
SD,Clark,46025,0.171
SD,Clay,46027,0.2468
SD,Codington,46029,0.2449
SD,Corson,46031,0.8395
SD,Custer,46033,0.228
SD,Davison,46035,0.2338
SD,Day,46037,0.185
SD,Deuel,46039,0.0822
SD,Dewey,46041,0.8831
SD,Douglas,46043,0.1503
SD,Edmunds,46045,0.0341
SD,Fall River,46047,0.4172
SD,Faulk,46049,0.0777
SD,Grant,46051,0.0551
SD,Gregory,46053,0.2847
SD,Haakon,46055,0.3624
SD,Hamlin,46057,0.1586
SD,Hand,46059,0.0309
SD,Hanson,46061,0.0013
SD,Harding,46063,0.0828
SD,Hughes,46065,0.4061
SD,Hutchinson,46067,0.2487
SD,Hyde,46069,0.0943
SD,Jackson,46071,0.9666
SD,Jerauld,46073,0.0506
SD,Jones,46075,0.0051
SD,Kingsbury,46077,0.0223
SD,Lake,46079,0.1965
SD,Lawrence,46081,0.2618
SD,Lincoln,46083,0.0201
SD,Lyman,46085,0.7137
SD,McCook,46087,0.2229
SD,McPherson,46089,0.2889
SD,Marshall,46091,0.2131
SD,Meade,46093,0.0892
SD,Mellette,46095,0.9156
SD,Miner,46097,0.1057
SD,Minnehaha,46099,0.3589
SD,Moody,46101,0.3908
SD,Oglala Lakota,46102,0.9943
SD,Pennington,46103,0.4162
SD,Perkins,46105,0.1096
SD,Potter,46107,0.0516
SD,Roberts,46109,0.7178
SD,Sanborn,46111,0.0385
SD,Spink,46115,0.1768
SD,Stanley,46117,0.1099
SD,Sully,46119,0.0073
SD,Todd,46121,0.9564
SD,Tripp,46123,0.3411
SD,Turner,46125,0.108
SD,Union,46127,0.0274
SD,Walworth,46129,0.3939
SD,Yankton,46135,0.3159
SD,Ziebach,46137,0.9538
TN,Anderson,47001,0.6064
TN,Bedford,47003,0.7758
TN,Benton,47005,0.7029
TN,Bledsoe,47007,0.8159
TN,Blount,47009,0.2452
TN,Bradley,47011,0.6914
TN,Campbell,47013,0.7338
TN,Cannon,47015,0.3704
TN,Carroll,47017,0.7443
TN,Carter,47019,0.6153
TN,Cheatham,47021,0.2369
TN,Chester,47023,0.6436
TN,Claiborne,47025,0.7102
TN,Clay,47027,0.5939
TN,Cocke,47029,0.6857
TN,Coffee,47031,0.4914
TN,Crockett,47033,0.7812
TN,Cumberland,47035,0.5373
TN,Davidson,47037,0.5363
TN,Decatur,47039,0.5086
TN,DeKalb,47041,0.4306
TN,Dickson,47043,0.429
TN,Dyer,47045,0.7596
TN,Fayette,47047,0.2554
TN,Fentress,47049,0.6373
TN,Franklin,47051,0.3764
TN,Gibson,47053,0.735
TN,Giles,47055,0.6032
TN,Grainger,47057,0.593
TN,Greene,47059,0.5446
TN,Grundy,47061,0.8685
TN,Hamblen,47063,0.8146
TN,Hamilton,47065,0.4137
TN,Hancock,47067,0.7666
TN,Hardeman,47069,0.8672
TN,Hardin,47071,0.7064
TN,Hawkins,47073,0.708
TN,Haywood,47075,0.8717
TN,Henderson,47077,0.6981
TN,Henry,47079,0.6347
TN,Hickman,47081,0.5662
TN,Houston,47083,0.5551
TN,Humphreys,47085,0.3688
TN,Jackson,47087,0.6
TN,Jefferson,47089,0.5608
TN,Johnson,47091,0.5653
TN,Knox,47093,0.3035
TN,Lake,47095,0.9185
TN,Lauderdale,47097,0.9672
TN,Lawrence,47099,0.8318
TN,Lewis,47101,0.6363
TN,Lincoln,47103,0.6777
TN,Loudon,47105,0.3863
TN,McMinn,47107,0.6551
TN,McNairy,47109,0.7172
TN,Macon,47111,0.6927
TN,Madison,47113,0.7124
TN,Marion,47115,0.5061
TN,Marshall,47117,0.6099
TN,Maury,47119,0.3949
TN,Meigs,47121,0.4933
TN,Monroe,47123,0.6478
TN,Montgomery,47125,0.5172
TN,Moore,47127,0.0914
TN,Morgan,47129,0.7494
TN,Obion,47131,0.7694
TN,Overton,47133,0.4576
TN,Perry,47135,0.6799
TN,Pickett,47137,0.4153
TN,Polk,47139,0.4904
TN,Putnam,47141,0.6182
TN,Rhea,47143,0.8207
TN,Roane,47145,0.3844
TN,Robertson,47147,0.4287
TN,Rutherford,47149,0.3268
TN,Scott,47151,0.7637
TN,Sequatchie,47153,0.572
TN,Sevier,47155,0.6111
TN,Shelby,47157,0.7847
TN,Smith,47159,0.2608
TN,Stewart,47161,0.4086
TN,Sullivan,47163,0.5411
TN,Sumner,47165,0.2057
TN,Tipton,47167,0.45
TN,Trousdale,47169,0.522
TN,Unicoi,47171,0.7981
TN,Union,47173,0.6672
TN,Van Buren,47175,0.6025
TN,Warren,47177,0.8322
TN,Washington,47179,0.4589
TN,Wayne,47181,0.7624
TN,Weakley,47183,0.6583
TN,White,47185,0.5984
TN,Williamson,47187,0.021
TN,Wilson,47189,0.1465
TX,Anderson,48001,0.7946
TX,Andrews,48003,0.4736
TX,Angelina,48005,0.9771
TX,Aransas,48007,0.8019
TX,Archer,48009,0.0898
TX,Armstrong,48011,0.1599
TX,Atascosa,48013,0.8497
TX,Austin,48015,0.4936
TX,Bailey,48017,0.8003
TX,Bandera,48019,0.5076
TX,Bastrop,48021,0.7459
TX,Baylor,48023,0.1554
TX,Bee,48025,0.9694
TX,Bell,48027,0.8051
TX,Bexar,48029,0.8258
TX,Blanco,48031,0.2783
TX,Borden,48033,0.0621
TX,Bosque,48035,0.6175
TX,Bowie,48037,0.8529
TX,Brazoria,48039,0.5134
TX,Brazos,48041,0.6532
TX,Brewster,48043,0.6573
TX,Briscoe,48045,0.4564
TX,Brooks,48047,1
TX,Brown,48049,0.6277
TX,Burleson,48051,0.608
TX,Burnet,48053,0.5299
TX,Caldwell,48055,0.8732
TX,Calhoun,48057,0.8618
TX,Callahan,48059,0.2968
TX,Cameron,48061,0.9758
TX,Camp,48063,0.9019
TX,Carson,48065,0.0338
TX,Cass,48067,0.7841
TX,Castro,48069,0.7774
TX,Chambers,48071,0.4108
TX,Cherokee,48073,0.9191
TX,Childress,48075,0.75
TX,Clay,48077,0.3182
TX,Cochran,48079,0.8608
TX,Coke,48081,0.6204
TX,Coleman,48083,0.4185
TX,Collin,48085,0.1506
TX,Collingsworth,48087,0.8876
TX,Colorado,48089,0.6847
TX,Comal,48091,0.2379
TX,Comanche,48093,0.7264
TX,Concho,48095,0.4283
TX,Cooke,48097,0.6226
TX,Coryell,48099,0.7809
TX,Cottle,48101,0.9363
TX,Crane,48103,0.4739
TX,Crockett,48105,0.6892
TX,Crosby,48107,0.9395
TX,Culberson,48109,0.9971
TX,Dallam,48111,0.5503
TX,Dallas,48113,0.7538
TX,Dawson,48115,0.9475
TX,Deaf Smith,48117,0.8411
TX,Delta,48119,0.5704
TX,Denton,48121,0.221
TX,DeWitt,48123,0.8229
TX,Dickens,48125,0.8796
TX,Dimmit,48127,0.9997
TX,Donley,48129,0.4525
TX,Duval,48131,0.9994
TX,Eastland,48133,0.8067
TX,Ector,48135,0.7924
TX,Edwards,48137,0.4385
TX,Ellis,48139,0.3924
TX,El Paso,48141,0.9535
TX,Erath,48143,0.6252
TX,Falls,48145,0.9799
TX,Fannin,48147,0.5758
TX,Fayette,48149,0.4363
TX,Fisher,48151,0.4312
TX,Floyd,48153,0.8299
TX,Foard,48155,0.4783
TX,Fort Bend,48157,0.2873
TX,Franklin,48159,0.5277
TX,Freestone,48161,0.843
TX,Frio,48163,0.9866
TX,Gaines,48165,0.6825
TX,Galveston,48167,0.585
TX,Garza,48169,0.7213
TX,Gillespie,48171,0.3573
TX,Glasscock,48173,0.1761
TX,Goliad,48175,0.5815
TX,Gonzales,48177,0.8959
TX,Gray,48179,0.8446
TX,Grayson,48181,0.6592
TX,Gregg,48183,0.8825
TX,Grimes,48185,0.8602
TX,Guadalupe,48187,0.4344
TX,Hale,48189,0.9312
TX,Hall,48191,0.95
TX,Hamilton,48193,0.6083
TX,Hansford,48195,0.7615
TX,Hardeman,48197,0.728
TX,Hardin,48199,0.2532
TX,Harris,48201,0.7236
TX,Harrison,48203,0.7306
TX,Hartley,48205,0.5344
TX,Haskell,48207,0.9755
TX,Hays,48209,0.4924
TX,Hemphill,48211,0.7427
TX,Henderson,48213,0.7201
TX,Hidalgo,48215,0.978
TX,Hill,48217,0.8707
TX,Hockley,48219,0.9025
TX,Hood,48221,0.2602
TX,Hopkins,48223,0.7067
TX,Houston,48225,0.9131
TX,Howard,48227,0.9153
TX,Hudspeth,48229,0.9825
TX,Hunt,48231,0.8341
TX,Hutchinson,48233,0.6631
TX,Irion,48235,0.2013
TX,Jack,48237,0.6538
TX,Jackson,48239,0.6774
TX,Jasper,48241,0.8239
TX,Jeff Davis,48243,0.3611
TX,Jefferson,48245,0.8567
TX,Jim Hogg,48247,0.9917
TX,Jim Wells,48249,0.9226
TX,Johnson,48251,0.5073
TX,Jones,48253,0.6328
TX,Karnes,48255,0.8424
TX,Kaufman,48257,0.5691
TX,Kendall,48259,0.2283
TX,Kenedy,48261,0.7328
TX,Kent,48263,0.4427
TX,Kerr,48265,0.6959
TX,Kimble,48267,0.5885
TX,King,48269,0.1955
TX,Kinney,48271,0.8561
TX,Kleberg,48273,0.9834
TX,Knox,48275,0.7962
TX,Lamar,48277,0.8357
TX,Lamb,48279,0.8975
TX,Lampasas,48281,0.5443
TX,La Salle,48283,0.8191
TX,Lavaca,48285,0.6879
TX,Lee,48287,0.6752
TX,Leon,48289,0.6156
TX,Liberty,48291,0.9427
TX,Limestone,48293,0.9532
TX,Lipscomb,48295,0.4605
TX,Live Oak,48297,0.6917
TX,Llano,48299,0.4666
TX,Loving,48301,0.7573
TX,Lubbock,48303,0.7497
TX,Lynn,48305,0.8908
TX,McCulloch,48307,0.7395
TX,McLennan,48309,0.8436
TX,McMullen,48311,0.7631
TX,Madison,48313,0.8376
TX,Marion,48315,0.6885
TX,Martin,48317,0.4239
TX,Mason,48319,0.357
TX,Matagorda,48321,0.9067
TX,Maverick,48323,0.9742
TX,Medina,48325,0.6697
TX,Menard,48327,0.5854
TX,Midland,48329,0.4748
TX,Milam,48331,0.7627
TX,Mills,48333,0.7688
TX,Mitchell,48335,0.6213
TX,Montague,48337,0.5841
TX,Montgomery,48339,0.3914
TX,Moore,48341,0.699
TX,Morris,48343,0.7299
TX,Motley,48345,0.7003
TX,Nacogdoches,48347,0.9822
TX,Navarro,48349,0.9662
TX,Newton,48351,0.7207
TX,Nolan,48353,0.8866
TX,Nueces,48355,0.8363
TX,Ochiltree,48357,0.5787
TX,Oldham,48359,0.4322
TX,Orange,48361,0.5812
TX,Palo Pinto,48363,0.8799
TX,Panola,48365,0.6952
TX,Parker,48367,0.2561
TX,Parmer,48369,0.7576
TX,Pecos,48371,0.8213
TX,Polk,48373,0.9121
TX,Potter,48375,0.9248
TX,Presidio,48377,0.9981
TX,Rains,48379,0.4016
TX,Randall,48381,0.2204
TX,Reagan,48383,0.4806
TX,Real,48385,0.7169
TX,Red River,48387,0.565
TX,Reeves,48389,0.7803
TX,Refugio,48391,0.9414
TX,Roberts,48393,0.0911
TX,Robertson,48395,0.7529
TX,Rockwall,48397,0.1124
TX,Runnels,48399,0.5449
TX,Rusk,48401,0.7965
TX,Sabine,48403,0.5309
TX,San Augustine,48405,0.8889
TX,San Jacinto,48407,0.6869
TX,San Patricio,48409,0.8309
TX,San Saba,48411,0.7315
TX,Schleicher,48413,0.5857
TX,Scurry,48415,0.6994
TX,Shackelford,48417,0.685
TX,Shelby,48419,0.9522
TX,Sherman,48421,0.4611
TX,Smith,48423,0.7462
TX,Somervell,48425,0.5605
TX,Starr,48427,0.9815
TX,Stephens,48429,0.885
TX,Sterling,48431,0.4127
TX,Stonewall,48433,0.3236
TX,Sutton,48435,0.6041
TX,Swisher,48437,0.9701
TX,Tarrant,48439,0.5475
TX,Taylor,48441,0.6933
TX,Terrell,48443,0.4713
TX,Terry,48445,0.9876
TX,Throckmorton,48447,0.2678
TX,Titus,48449,0.8901
TX,Tom Green,48451,0.6643
TX,Travis,48453,0.3812
TX,Trinity,48455,0.8016
TX,Tyler,48457,0.8834
TX,Upshur,48459,0.5898
TX,Upton,48461,0.6519
TX,Uvalde,48463,0.9548
TX,Val Verde,48465,0.9678
TX,Van Zandt,48467,0.5589
TX,Victoria,48469,0.7834
TX,Walker,48471,0.6997
TX,Waller,48473,0.8331
TX,Ward,48475,0.6494
TX,Washington,48477,0.7312
TX,Webb,48479,0.9497
TX,Wharton,48481,0.8758
TX,Wheeler,48483,0.6962
TX,Wichita,48485,0.8166
TX,Wilbarger,48487,0.9083
TX,Willacy,48489,0.9892
TX,Williamson,48491,0.2016
TX,Wilson,48493,0.4436
TX,Winkler,48495,0.6541
TX,Wise,48497,0.5768
TX,Wood,48499,0.6322
TX,Yoakum,48501,0.492
TX,Young,48503,0.5532
TX,Zapata,48505,0.9895
TX,Zavala,48507,0.9987
UT,Beaver,49001,0.2522
UT,Box Elder,49003,0.1592
UT,Cache,49005,0.3201
UT,Carbon,49007,0.5615
UT,Daggett,49009,0.0755
UT,Davis,49011,0.0796
UT,Duchesne,49013,0.4822
UT,Emery,49015,0.2627
UT,Garfield,49017,0.4592
UT,Grand,49019,0.5213
UT,Iron,49021,0.4525
UT,Juab,49023,0.2331
UT,Kane,49025,0.1054
UT,Millard,49027,0.3554
UT,Morgan,49029,0.0003
UT,Piute,49031,0.2713
UT,Rich,49033,0.1971
UT,Salt Lake,49035,0.3229
UT,San Juan,49037,0.9752
UT,Sanpete,49039,0.6019
UT,Sevier,49041,0.3261
UT,Summit,49043,0.05
UT,Tooele,49045,0.3143
UT,Uintah,49047,0.4838
UT,Utah,49049,0.278
UT,Wasatch,49051,0.0643
UT,Washington,49053,0.4143
UT,Wayne,49055,0.2908
UT,Weber,49057,0.4271
VT,Addison,50001,0.0965
VT,Bennington,50003,0.2924
VT,Caledonia,50005,0.2672
VT,Chittenden,50007,0.1831
VT,Essex,50009,0.2067
VT,Franklin,50011,0.1111
VT,Grand Isle,50013,0.0025
VT,Lamoille,50015,0.1309
VT,Orange,50017,0.172
VT,Orleans,50019,0.4258
VT,Rutland,50021,0.2787
VT,Washington,50023,0.1752
VT,Windham,50025,0.3054
VT,Windsor,50027,0.128
VA,Accomack,51001,0.8025
VA,Albemarle,51003,0.1732
VA,Alleghany,51005,0.4462
VA,Amelia,51007,0.3166
VA,Amherst,51009,0.4682
VA,Appomattox,51011,0.3637
VA,Arlington,51013,0.1401
VA,Augusta,51015,0.149
VA,Bath,51017,0.2471
VA,Bedford,51019,0.0984
VA,Bland,51021,0.3449
VA,Botetourt,51023,0.0414
VA,Brunswick,51025,0.8955
VA,Buchanan,51027,0.7545
VA,Buckingham,51029,0.7901
VA,Campbell,51031,0.2615
VA,Caroline,51033,0.3481
VA,Carroll,51035,0.3369
VA,Charles City,51036,0.2366
VA,Charlotte,51037,0.7057
VA,Chesterfield,51041,0.1799
VA,Clarke,51043,0.1131
VA,Craig,51045,0.0745
VA,Culpeper,51047,0.4882
VA,Cumberland,51049,0.5831
VA,Dickenson,51051,0.6806
VA,Dinwiddie,51053,0.4182
VA,Essex,51057,0.5634
VA,Fairfax,51059,0.1876
VA,Fauquier,51061,0.0287
VA,Floyd,51063,0.1115
VA,Fluvanna,51065,0.0631
VA,Franklin,51067,0.401
VA,Frederick,51069,0.1822
VA,Giles,51071,0.2742
VA,Gloucester,51073,0.0366
VA,Goochland,51075,0.0459
VA,Grayson,51077,0.6459
VA,Greene,51079,0.1631
VA,Greensville,51081,0.814
VA,Halifax,51083,0.6723
VA,Hanover,51085,0.0156
VA,Henrico,51087,0.2573
VA,Henry,51089,0.8857
VA,Highland,51091,0.065
VA,Isle of Wight,51093,0.3392
VA,James City,51095,0.115
VA,King and Queen,51097,0.3245
VA,King George,51099,0.0159
VA,King William,51101,0.0357
VA,Lancaster,51103,0.1583
VA,Lee,51105,0.8073
VA,Loudoun,51107,0.0904
VA,Louisa,51109,0.3325
VA,Lunenburg,51111,0.8643
VA,Madison,51113,0.164
VA,Mathews,51115,0.0207
VA,Mecklenburg,51117,0.7768
VA,Middlesex,51119,0.2025
VA,Montgomery,51121,0.2959
VA,Nelson,51125,0.3
VA,New Kent,51127,0.0061
VA,Northampton,51131,0.6764
VA,Northumberland,51133,0.1213
VA,Nottoway,51135,0.9096
VA,Orange,51137,0.465
VA,Page,51139,0.3936
VA,Patrick,51141,0.6389
VA,Pittsylvania,51143,0.6427
VA,Powhatan,51145,0.0057
VA,Prince Edward,51147,0.7296
VA,Prince George,51149,0.3175
VA,Prince William,51153,0.3022
VA,Pulaski,51155,0.4831
VA,Rappahannock,51157,0.0213
VA,Richmond,51159,0.6143
VA,Roanoke,51161,0.1312
VA,Rockbridge,51163,0.1433
VA,Rockingham,51165,0.3197
VA,Russell,51167,0.4487
VA,Scott,51169,0.6758
VA,Shenandoah,51171,0.3643
VA,Smyth,51173,0.7548
VA,Southampton,51175,0.4755
VA,Spotsylvania,51177,0.2159
VA,Stafford,51179,0.1541
VA,Surry,51181,0.3659
VA,Sussex,51183,0.9092
VA,Tazewell,51185,0.5936
VA,Warren,51187,0.2564
VA,Washington,51191,0.3646
VA,Westmoreland,51193,0.292
VA,Wise,51195,0.8599
VA,Wythe,51197,0.3965
VA,York,51199,0.1997
VA,Alexandria City,51510,0.2003
VA,Bristol City,51520,0.751
VA,Buena Vista City,51530,0.3242
VA,Charlottesville City,51540,0.4092
VA,Chesapeake City,51550,0.2592
VA,Colonial Heights City,51570,0.5685
VA,Covington City,51580,0.4634
VA,Danville City,51590,0.9589
VA,Emporia City,51595,0.9567
VA,Fairfax City,51600,0.2411
VA,Falls Church City,51610,0.1389
VA,Franklin City,51620,0.7175
VA,Fredericksburg City,51630,0.5631
VA,Galax City,51640,0.9838
VA,Hampton City,51650,0.6675
VA,Harrisonburg City,51660,0.793
VA,Hopewell City,51670,0.9408
VA,Lexington City,51678,0.3226
VA,Lynchburg City,51680,0.7369
VA,Manassas City,51683,0.4446
VA,Manassas Park City,51685,0.528
VA,Martinsville City,51690,0.9105
VA,Newport News City,51700,0.8156
VA,Norfolk City,51710,0.7717
VA,Norton City,51720,0.9054
VA,Petersburg City,51730,0.9643
VA,Poquoson City,51735,0.0127
VA,Portsmouth City,51740,0.8006
VA,Radford City,51750,0.4124
VA,Richmond City,51760,0.7729
VA,Roanoke City,51770,0.8038
VA,Salem City,51775,0.3089
VA,Staunton City,51790,0.4449
VA,Suffolk City,51800,0.3468
VA,Virginia Beach City,51810,0.1889
VA,Waynesboro City,51820,0.6013
VA,Williamsburg City,51830,0.385
VA,Winchester City,51840,0.722
WA,Adams,53001,0.9621
WA,Asotin,53003,0.4248
WA,Benton,53005,0.514
WA,Chelan,53007,0.678
WA,Clallam,53009,0.6146
WA,Clark,53011,0.2857
WA,Columbia,53013,0.3146
WA,Cowlitz,53015,0.7885
WA,Douglas,53017,0.7707
WA,Ferry,53019,0.8223
WA,Franklin,53021,0.8691
WA,Garfield,53023,0.1834
WA,Grant,53025,0.8452
WA,Grays Harbor,53027,0.8392
WA,Island,53029,0.1857
WA,Jefferson,53031,0.2414
WA,King,53033,0.2854
WA,Kitsap,53035,0.2825
WA,Kittitas,53037,0.2831
WA,Klickitat,53039,0.5723
WA,Lewis,53041,0.7889
WA,Lincoln,53043,0.1984
WA,Mason,53045,0.6382
WA,Okanogan,53047,0.9255
WA,Pacific,53049,0.736
WA,Pend Oreille,53051,0.536
WA,Pierce,53053,0.4873
WA,San Juan,53055,0.0863
WA,Skagit,53057,0.5382
WA,Skamania,53059,0.2194
WA,Snohomish,53061,0.2755
WA,Spokane,53063,0.4825
WA,Stevens,53065,0.4615
WA,Thurston,53067,0.3299
WA,Wahkiakum,53069,0.1809
WA,Walla Walla,53071,0.6831
WA,Whatcom,53073,0.4541
WA,Whitman,53075,0.5108
WA,Yakima,53077,0.9277
WV,Barbour,54001,0.6513
WV,Berkeley,54003,0.4433
WV,Boone,54005,0.7041
WV,Braxton,54007,0.6646
WV,Brooke,54009,0.3306
WV,Cabell,54011,0.6245
WV,Calhoun,54013,0.5239
WV,Clay,54015,0.6885
WV,Doddridge,54017,0.3608
WV,Fayette,54019,0.764
WV,Gilmer,54021,0.7564
WV,Grant,54023,0.3675
WV,Greenbrier,54025,0.5557
WV,Hampshire,54027,0.6433
WV,Hancock,54029,0.4051
WV,Hardy,54031,0.285
WV,Harrison,54033,0.4089
WV,Jackson,54035,0.2529
WV,Jefferson,54037,0.2255
WV,Kanawha,54039,0.5656
WV,Lewis,54041,0.6761
WV,Lincoln,54043,0.6057
WV,Logan,54045,0.7471
WV,McDowell,54047,0.9029
WV,Marion,54049,0.4939
WV,Marshall,54051,0.2153
WV,Mason,54053,0.5497
WV,Mercer,54055,0.8089
WV,Mineral,54057,0.5933
WV,Mingo,54059,0.785
WV,Monongalia,54061,0.4111
WV,Monroe,54063,0.4662
WV,Morgan,54065,0.1764
WV,Nicholas,54067,0.5411
WV,Ohio,54069,0.3108
WV,Pendleton,54071,0.358
WV,Pleasants,54073,0.4468
WV,Pocahontas,54075,0.4971
WV,Preston,54077,0.5732
WV,Putnam,54079,0.0408
WV,Raleigh,54081,0.7685
WV,Randolph,54083,0.5806
WV,Ritchie,54085,0.364
WV,Roane,54087,0.6465
WV,Summers,54089,0.829
WV,Taylor,54091,0.4949
WV,Tucker,54093,0.3672
WV,Tyler,54095,0.2213
WV,Upshur,54097,0.6911
WV,Wayne,54099,0.6006
WV,Webster,54101,0.7487
WV,Wetzel,54103,0.4752
WV,Wirt,54105,0.3748
WV,Wood,54107,0.3723
WV,Wyoming,54109,0.6443
WI,Adams,55001,0.5685
WI,Ashland,55003,0.55
WI,Barron,55005,0.3271
WI,Bayfield,55007,0.099
WI,Brown,55009,0.3299
WI,Buffalo,55011,0.0576
WI,Burnett,55013,0.1672
WI,Calumet,55015,0.0182
WI,Chippewa,55017,0.2105
WI,Clark,55019,0.535
WI,Columbia,55021,0.1204
WI,Crawford,55023,0.3971
WI,Dane,55025,0.1688
WI,Dodge,55027,0.2019
WI,Door,55029,0.0557
WI,Douglas,55031,0.2748
WI,Dunn,55033,0.1847
WI,Eau Claire,55035,0.2175
WI,Florence,55037,0.1452
WI,Fond du Lac,55039,0.2038
WI,Forest,55041,0.5774
WI,Grant,55043,0.1939
WI,Green,55045,0.0529
WI,Green Lake,55047,0.2869
WI,Iowa,55049,0.0131
WI,Iron,55051,0.3602
WI,Jackson,55053,0.5003
WI,Jefferson,55055,0.1854
WI,Juneau,55057,0.378
WI,Kenosha,55059,0.5111
WI,Kewaunee,55061,0.0586
WI,La Crosse,55063,0.2089
WI,Lafayette,55065,0.1596
WI,Langlade,55067,0.3535
WI,Lincoln,55069,0.1013
WI,Manitowoc,55071,0.1621
WI,Marathon,55073,0.1443
WI,Marinette,55075,0.2971
WI,Marquette,55077,0.2596
WI,Menominee,55078,0.7672
WI,Milwaukee,55079,0.8061
WI,Monroe,55081,0.4621
WI,Oconto,55083,0.064
WI,Oneida,55085,0.014
WI,Outagamie,55087,0.0978
WI,Ozaukee,55089,0.0134
WI,Pepin,55091,0.1019
WI,Pierce,55093,0.0806
WI,Polk,55095,0.0873
WI,Portage,55097,0.1653
WI,Price,55099,0.1602
WI,Racine,55101,0.4551
WI,Richland,55103,0.3073
WI,Rock,55105,0.4561
WI,Rusk,55107,0.3465
WI,St. Croix,55109,0.0146
WI,Sauk,55111,0.2344
WI,Sawyer,55113,0.4268
WI,Shawano,55115,0.1382
WI,Sheboygan,55117,0.2245
WI,Taylor,55119,0.2
WI,Trempealeau,55121,0.2812
WI,Vernon,55123,0.3834
WI,Vilas,55125,0.1395
WI,Walworth,55127,0.2688
WI,Washburn,55129,0.108
WI,Washington,55131,0.0099
WI,Waukesha,55133,0.0194
WI,Waupaca,55135,0.1815
WI,Waushara,55137,0.3653
WI,Winnebago,55139,0.1608
WI,Wood,55141,0.1535
WY,Albany,56001,0.2494
WY,Big Horn,56003,0.3955
WY,Campbell,56005,0.3315
WY,Carbon,56007,0.5029
WY,Converse,56009,0.2048
WY,Crook,56011,0.0328
WY,Fremont,56013,0.5624
WY,Goshen,56015,0.3264
WY,Hot Springs,56017,0.1229
WY,Johnson,56019,0.1774
WY,Laramie,56021,0.2697
WY,Lincoln,56023,0.0809
WY,Natrona,56025,0.2952
WY,Niobrara,56027,0.336
WY,Park,56029,0.0659
WY,Platte,56031,0.0952
WY,Sheridan,56033,0.0895
WY,Sublette,56035,0.0293
WY,Sweetwater,56037,0.3701
WY,Teton,56039,0.1127
WY,Uinta,56041,0.4522
WY,Washakie,56043,0.3732
WY,Weston,56045,0.3475
